publisher,year,scope,reported_category,tCo2e,notes,url,include
Sage,2022,n/a,n/a,n/a,,https://group.sagepub.com/sustainability,1
RELX,2006,1,Scope 1,"18,549",,https://www.relx.com/~/media/Files/R/RELX-Group/documents/responsibility/download-center/2010-cr-report.pdf,1
RELX,2007,1,Scope 1,"18,337",,https://www.relx.com/~/media/Files/R/RELX-Group/documents/responsibility/download-center/2010-cr-report.pdf,1
RELX,2008,1,Scope 1,"20,032",,https://www.relx.com/~/media/Files/R/RELX-Group/documents/responsibility/download-center/2010-cr-report.pdf,1
RELX,2009,1,Scope 1,"17,370",,https://www.relx.com/~/media/Files/R/RELX-Group/documents/responsibility/download-center/2010-cr-report.pdf,1
RELX,2010,1,Scope 1,"13,131",,https://www.relx.com/~/media/Files/R/RELX-Group/documents/responsibility/download-center/2010-cr-report.pdf,1
Springer Nature,2017,1,Scope 1,5079,,https://media.springernature.com/full/springer-cms/rest/v1/content/15569814/data/v5,1
Springer Nature,2018,1,Scope 1,5111,,https://sustainablebusiness.springernature.com/2018/,1
Springer Nature,2019,1,Scope 1,"4,847",,https://sustainablebusiness.springernature.com/2021/assets/files/sustainable-business-report-2021.pdf,1
Springer Nature,2020,1,Scope 1,"2,960",,https://sustainablebusiness.springernature.com/2021/assets/files/sustainable-business-report-2021.pdf,1
Springer Nature,2021,1,Scope 1,"2,910",,https://sustainablebusiness.springernature.com/2021/assets/files/sustainable-business-report-2021.pdf,1
RELX,2011,1,Scope 1 (direct emissions),"12,138",,https://www.relx.com/~/media/Files/R/RELX-Group/documents/responsibility/download-center/2011-cr-report.pdf,1
RELX,2012,1,Scope 1 (direct emissions),"10,752",,https://www.relx.com/~/media/Files/R/RELX-Group/documents/responsibility/download-center/2012-cr-report.pdf,1
RELX,2013,1,Scope 1 (direct emissions),"11,810",,https://www.relx.com/~/media/Files/R/RELX-Group/documents/responsibility/download-center/2013-cr-report.pdf,1
RELX,2014,1,Scope 1 (direct emissions),"8,932",,https://www.relx.com/~/media/Files/R/RELX-Group/documents/responsibility/download-center/2014-cr-report.pdf,1
RELX,2015,1,Scope 1 (direct emissions),"7,446",,https://www.relx.com/~/media/Files/R/RELX-Group/documents/responsibility/download-center/2015-cr-report.pdf,1
RELX,2017,1,Scope 1 (direct emissions),"8,231",,https://www.relx.com/~/media/Files/R/RELX-Group/documents/responsibility/download-center/relx2017-cr-report.pdf,1
RELX,2018,1,Scope 1 (direct emissions),"7,477",,https://www.relx.com/~/media/Files/R/RELX-Group/documents/responsibility/download-center/2018-cr-report.pdf,1
RELX,2019,1,Scope 1 (direct emissions),"7,848",,https://www.relx.com/~/media/Files/R/RELX-Group/documents/responsibility/download-center/2019-cr-report.pdf,1
RELX,2020,1,Scope 1 (direct emissions),"4,516",,https://www.relx.com/~/media/Files/R/RELX-Group/documents/responsibility/download-center/2020-cr-report.pdf,1
Wiley,2020,1,scope 1 (direct emissions),"1,815.00",,https://wiley-ecomm-prod-content.s3.amazonaws.com/FY20_Green_House_Gas_Emissions,1
RELX,2021,1,Scope 1 (direct emissions),"5,226.00",,https://www.relx.com/~/media/Files/R/RELX-Group/documents/responsibility/download-center/2021-cr-report.pdf,1
RELX,2016,1,Scope 1 (direct emissions),"7,966",,https://www.relx.com/~/media/Files/R/RELX-Group/documents/responsibility/download-center/2016-cr-report-new.pdf,1
Informa,2016,1,Scope 1 emissions - Total,2997,,https://www.informa.com/sustainability/sustainability-reports/sustainability-kpis-summary/,1
Informa,2017,1,Scope 1 emissions - Total,3205,,https://www.informa.com/sustainability/sustainability-reports/sustainability-kpis-summary/,1
Informa,2018,1,Scope 1 emissions - Total,4776,,https://www.informa.com/sustainability/sustainability-reports/sustainability-kpis-summary/,1
Informa,2019,1,Scope 1 emissions - Total,4134,,https://www.informa.com/sustainability/sustainability-reports/sustainability-kpis-summary/,1
Informa,2020,1,Scope 1 emissions - Total,2822,,https://www.informa.com/sustainability/sustainability-reports/sustainability-kpis-summary/,1
Informa,2021,1,Scope 1 emissions - Total,2692,,https://www.informa.com/sustainability/sustainability-reports/sustainability-kpis-summary/,1
RELX,2006,2,Scope 2,"113,633",,https://www.relx.com/~/media/Files/R/RELX-Group/documents/responsibility/download-center/2010-cr-report.pdf,1
RELX,2007,2,Scope 2,"122,257",,https://www.relx.com/~/media/Files/R/RELX-Group/documents/responsibility/download-center/2010-cr-report.pdf,1
RELX,2008,2,Scope 2,"123,834",,https://www.relx.com/~/media/Files/R/RELX-Group/documents/responsibility/download-center/2010-cr-report.pdf,1
RELX,2009,2,Scope 2,"147,805",,https://www.relx.com/~/media/Files/R/RELX-Group/documents/responsibility/download-center/2010-cr-report.pdf,1
RELX,2010,2,Scope 2,"148,316",,https://www.relx.com/~/media/Files/R/RELX-Group/documents/responsibility/download-center/2010-cr-report.pdf,1
Springer Nature,2018,2,Scope 2,3166,,https://sustainablebusiness.springernature.com/2018/,1
RELX,2011,2,Scope 2 (gross electricity and heat) ,"139,650",,https://www.relx.com/~/media/Files/R/RELX-Group/documents/responsibility/download-center/2011-cr-report.pdf,1
RELX,2012,2,Scope 2 (gross electricity and heat) ,"127,105",,https://www.relx.com/~/media/Files/R/RELX-Group/documents/responsibility/download-center/2012-cr-report.pdf,1
RELX,2013,2,Scope 2 (gross electricity and heat) ,"111,036",,https://www.relx.com/~/media/Files/R/RELX-Group/documents/responsibility/download-center/2013-cr-report.pdf,1
RELX,2014,2,Scope 2 (gross electricity and heat) ,"109,129",,https://www.relx.com/~/media/Files/R/RELX-Group/documents/responsibility/download-center/2014-cr-report.pdf,1
RELX,2015,2,Scope 2 (gross electricity and heat) ,"95,947",,https://www.relx.com/~/media/Files/R/RELX-Group/documents/responsibility/download-center/2015-cr-report.pdf,1
Wiley,2020,2,scope 2 (indirect electricity emissions),"4,510.90",,https://wiley-ecomm-prod-content.s3.amazonaws.com/FY20_Green_House_Gas_Emissions,1
RELX,2016,2,Scope 2 (location-based) emissions,"91,913",,https://www.relx.com/~/media/Files/R/RELX-Group/documents/responsibility/download-center/2016-cr-report-new.pdf,1
RELX,2017,2,Scope 2 (location-based) emissions,"84,590",,https://www.relx.com/~/media/Files/R/RELX-Group/documents/responsibility/download-center/relx2017-cr-report.pdf,1
RELX,2018,2,Scope 2 (location-based) emissions,"74,279",,https://www.relx.com/~/media/Files/R/RELX-Group/documents/responsibility/download-center/2018-cr-report.pdf,1
RELX,2019,2,Scope 2 (location-based) emissions,"68,229",,https://www.relx.com/~/media/Files/R/RELX-Group/documents/responsibility/download-center/2019-cr-report.pdf,1
RELX,2020,2,Scope 2 (location-based) emissions,"53,131",,https://www.relx.com/~/media/Files/R/RELX-Group/documents/responsibility/download-center/2020-cr-report.pdf,1
RELX,2021,2,Scope 2 (location-based) emissions,"43,445.00",,https://www.relx.com/~/media/Files/R/RELX-Group/documents/responsibility/download-center/2021-cr-report.pdf,1
Springer Nature,2021,2,Scope 2 (location-based) emissions,"4,182",,https://sustainablebusiness.springernature.com/2021/assets/files/sustainable-business-report-2021.pdf,1
Springer Nature,2017,2,Scope 2 (location-based) emissions,"12,368",,https://media.springernature.com/full/springer-cms/rest/v1/content/15569814/data/v5,1
Springer Nature,2019,2,Scope 2 (location-based) emissions,"10,894",,https://sustainablebusiness.springernature.com/2021/assets/files/sustainable-business-report-2021.pdf,1
Springer Nature,2020,2,Scope 2 (location-based) emissions,"5,286",,https://sustainablebusiness.springernature.com/2021/assets/files/sustainable-business-report-2021.pdf,1
RELX,2016,2,Scope 2 (market-based) emissions,"32,153",,https://www.relx.com/~/media/Files/R/RELX-Group/documents/responsibility/download-center/2016-cr-report-new.pdf,0
RELX,2017,2,Scope 2 (market-based) emissions,"21,831",,https://www.relx.com/~/media/Files/R/RELX-Group/documents/responsibility/download-center/relx2017-cr-report.pdf,0
RELX,2018,2,Scope 2 (market-based) emissions,"16,004",,https://www.relx.com/~/media/Files/R/RELX-Group/documents/responsibility/download-center/2018-cr-report.pdf,0
RELX,2019,2,Scope 2 (market-based) emissions,"17,704",,https://www.relx.com/~/media/Files/R/RELX-Group/documents/responsibility/download-center/2019-cr-report.pdf,0
RELX,2020,2,Scope 2 (market-based) emissions,"10,773",,https://www.relx.com/~/media/Files/R/RELX-Group/documents/responsibility/download-center/2020-cr-report.pdf,0
RELX,2021,2,Scope 2 (market-based) emissions,"7,715.00",,https://www.relx.com/~/media/Files/R/RELX-Group/documents/responsibility/download-center/2021-cr-report.pdf,0
Springer Nature,2021,2,Scope 2 (market-based) emissions,538,,https://sustainablebusiness.springernature.com/2021/assets/files/sustainable-business-report-2021.pdf,0
Springer Nature,2017,2,Scope 2 (market-based) emissions,"10,540",,https://media.springernature.com/full/springer-cms/rest/v1/content/15569814/data/v5,0
Springer Nature,2019,2,Scope 2 (market-based) emissions,"2,691",,https://sustainablebusiness.springernature.com/2021/assets/files/sustainable-business-report-2021.pdf,0
Springer Nature,2020,2,Scope 2 (market-based) emissions,543,,https://sustainablebusiness.springernature.com/2021/assets/files/sustainable-business-report-2021.pdf,0
Informa,2016,2,Scope 2 emissions (location-based),7164,,https://www.informa.com/sustainability/sustainability-reports/sustainability-kpis-summary/,1
Informa,2017,2,Scope 2 emissions (location-based),6477,,https://www.informa.com/sustainability/sustainability-reports/sustainability-kpis-summary/,1
Informa,2018,2,Scope 2 emissions (location-based),7010,,https://www.informa.com/sustainability/sustainability-reports/sustainability-kpis-summary/,1
Informa,2019,2,Scope 2 emissions (location-based),7026,,https://www.informa.com/sustainability/sustainability-reports/sustainability-kpis-summary/,1
Informa,2020,2,Scope 2 emissions (location-based),5305,,https://www.informa.com/sustainability/sustainability-reports/sustainability-kpis-summary/,1
Informa,2021,2,Scope 2 emissions (location-based),4816,,https://www.informa.com/sustainability/sustainability-reports/sustainability-kpis-summary/,1
Informa,2016,2,Scope 2 emissions (market-based),7164,,https://www.informa.com/sustainability/sustainability-reports/sustainability-kpis-summary/,0
Informa,2017,2,Scope 2 emissions (market-based),6477,,https://www.informa.com/sustainability/sustainability-reports/sustainability-kpis-summary/,0
Informa,2018,2,Scope 2 emissions (market-based),6385,,https://www.informa.com/sustainability/sustainability-reports/sustainability-kpis-summary/,0
Informa,2019,2,Scope 2 emissions (market-based),397,,https://www.informa.com/sustainability/sustainability-reports/sustainability-kpis-summary/,0
Informa,2020,2,Scope 2 emissions (market-based),233,,https://www.informa.com/sustainability/sustainability-reports/sustainability-kpis-summary/,0
Informa,2021,2,Scope 2 emissions (market-based),231,,https://www.informa.com/sustainability/sustainability-reports/sustainability-kpis-summary/,0
RELX,2016,3,Scope 3 - business flights,"53,847",,https://www.relx.com/~/media/Files/R/RELX-Group/documents/responsibility/download-center/2016-cr-report-new.pdf,1
RELX,2017,3,Scope 3 - business flights,"58,034",,https://www.relx.com/~/media/Files/R/RELX-Group/documents/responsibility/download-center/relx2017-cr-report.pdf,1
RELX,2018,3,Scope 3 - business flights,"68,363",,https://www.relx.com/~/media/Files/R/RELX-Group/documents/responsibility/download-center/2018-cr-report.pdf,1
RELX,2019,3,Scope 3 - business flights,"62,254",,https://www.relx.com/~/media/Files/R/RELX-Group/documents/responsibility/download-center/2019-cr-report.pdf,1
RELX,2020,3,Scope 3 - business flights,"18,652",,https://www.relx.com/~/media/Files/R/RELX-Group/documents/responsibility/download-center/2020-cr-report.pdf,1
RELX,2021,3,Scope 3 - business flights,"5,032.00",,https://www.relx.com/~/media/Files/R/RELX-Group/documents/responsibility/download-center/2021-cr-report.pdf,1
Springer Nature,2021,3,Scope 3 - business flights,672,,https://sustainablebusiness.springernature.com/2021/assets/files/sustainable-business-report-2021.pdf,1
RELX,2006,3,Scope 3 - business travel,"36,660",,https://www.relx.com/~/media/Files/R/RELX-Group/documents/responsibility/download-center/2010-cr-report.pdf,1
RELX,2007,3,Scope 3 - business travel,"37,819",,https://www.relx.com/~/media/Files/R/RELX-Group/documents/responsibility/download-center/2010-cr-report.pdf,1
RELX,2008,3,Scope 3 - business travel,"30,926",,https://www.relx.com/~/media/Files/R/RELX-Group/documents/responsibility/download-center/2010-cr-report.pdf,1
RELX,2009,3,Scope 3 - business travel,"29,676",,https://www.relx.com/~/media/Files/R/RELX-Group/documents/responsibility/download-center/2010-cr-report.pdf,1
RELX,2010,3,Scope 3 - business travel,"34,489",,https://www.relx.com/~/media/Files/R/RELX-Group/documents/responsibility/download-center/2010-cr-report.pdf,1
RELX,2011,3,Scope 3 - business travel,"30,398",,https://www.relx.com/~/media/Files/R/RELX-Group/documents/responsibility/download-center/2011-cr-report.pdf,1
RELX,2012,3,Scope 3 - business travel,"34,950",,https://www.relx.com/~/media/Files/R/RELX-Group/documents/responsibility/download-center/2012-cr-report.pdf,1
RELX,2013,3,Scope 3 - business travel,"633,124",,https://www.relx.com/~/media/Files/R/RELX-Group/documents/responsibility/download-center/2013-cr-report.pdf,1
RELX,2014,3,Scope 3 - business travel,"50,191",,https://www.relx.com/~/media/Files/R/RELX-Group/documents/responsibility/download-center/2014-cr-report.pdf,1
RELX,2015,3,Scope 3 - business travel,"54,958",,https://www.relx.com/~/media/Files/R/RELX-Group/documents/responsibility/download-center/2015-cr-report.pdf,1
RELX,2011,3,Scope 3 - commuting,"46,017",,https://www.relx.com/~/media/Files/R/RELX-Group/documents/responsibility/download-center/2011-cr-report.pdf,1
RELX,2012,3,Scope 3 - commuting,"47,527",,https://www.relx.com/~/media/Files/R/RELX-Group/documents/responsibility/download-center/2012-cr-report.pdf,1
RELX,2013,3,Scope 3 - commuting,"43,019",,https://www.relx.com/~/media/Files/R/RELX-Group/documents/responsibility/download-center/2013-cr-report.pdf,1
Informa,2016,3,Scope 3 - Downstream - Downstream leased assets,0,,https://www.informa.com/sustainability/sustainability-reports/sustainability-kpis-summary/,1
Informa,2017,3,Scope 3 - Downstream - Downstream leased assets,0,,https://www.informa.com/sustainability/sustainability-reports/sustainability-kpis-summary/,1
Informa,2018,3,Scope 3 - Downstream - Downstream leased assets,0,,https://www.informa.com/sustainability/sustainability-reports/sustainability-kpis-summary/,1
Informa,2019,3,Scope 3 - Downstream - Downstream leased assets,0,,https://www.informa.com/sustainability/sustainability-reports/sustainability-kpis-summary/,1
Informa,2020,3,Scope 3 - Downstream - Downstream leased assets,0,,https://www.informa.com/sustainability/sustainability-reports/sustainability-kpis-summary/,1
Informa,2021,3,Scope 3 - Downstream - Downstream leased assets,0,,https://www.informa.com/sustainability/sustainability-reports/sustainability-kpis-summary/,1
Informa,2016,3,Scope 3 - Downstream - Downstream transportation & distribution- Logistics of main contractors & exhibitors,n/a,,https://www.informa.com/sustainability/sustainability-reports/sustainability-kpis-summary/,1
Informa,2017,3,Scope 3 - Downstream - Downstream transportation & distribution- Logistics of main contractors & exhibitors,250988,,https://www.informa.com/sustainability/sustainability-reports/sustainability-kpis-summary/,1
Informa,2018,3,Scope 3 - Downstream - Downstream transportation & distribution- Logistics of main contractors & exhibitors,250988,,https://www.informa.com/sustainability/sustainability-reports/sustainability-kpis-summary/,1
Informa,2019,3,Scope 3 - Downstream - Downstream transportation & distribution- Logistics of main contractors & exhibitors,240338,,https://www.informa.com/sustainability/sustainability-reports/sustainability-kpis-summary/,1
Informa,2020,3,Scope 3 - Downstream - Downstream transportation & distribution- Logistics of main contractors & exhibitors,59056,,https://www.informa.com/sustainability/sustainability-reports/sustainability-kpis-summary/,1
Informa,2021,3,Scope 3 - Downstream - Downstream transportation & distribution- Logistics of main contractors & exhibitors,109641,,https://www.informa.com/sustainability/sustainability-reports/sustainability-kpis-summary/,1
Informa,2016,3,Scope 3 - Downstream - Emissions from running exhibitions - see details below,n/a,,https://www.informa.com/sustainability/sustainability-reports/sustainability-kpis-summary/,1
Informa,2017,3,Scope 3 - Downstream - Emissions from running exhibitions - see details below,405421,,https://www.informa.com/sustainability/sustainability-reports/sustainability-kpis-summary/,1
Informa,2018,3,Scope 3 - Downstream - Emissions from running exhibitions - see details below,405421,,https://www.informa.com/sustainability/sustainability-reports/sustainability-kpis-summary/,1
Informa,2019,3,Scope 3 - Downstream - Emissions from running exhibitions - see details below,391050,,https://www.informa.com/sustainability/sustainability-reports/sustainability-kpis-summary/,1
Informa,2020,3,Scope 3 - Downstream - Emissions from running exhibitions - see details below,94915,,https://www.informa.com/sustainability/sustainability-reports/sustainability-kpis-summary/,1
Informa,2021,3,Scope 3 - Downstream - Emissions from running exhibitions - see details below,169573,,https://www.informa.com/sustainability/sustainability-reports/sustainability-kpis-summary/,1
Informa,2016,3,Scope 3 - Downstream - End of life treatment of sold products - Disposal of books & journals,n/a,,https://www.informa.com/sustainability/sustainability-reports/sustainability-kpis-summary/,1
Informa,2017,3,Scope 3 - Downstream - End of life treatment of sold products - Disposal of books & journals,249,,https://www.informa.com/sustainability/sustainability-reports/sustainability-kpis-summary/,1
Informa,2018,3,Scope 3 - Downstream - End of life treatment of sold products - Disposal of books & journals,241,,https://www.informa.com/sustainability/sustainability-reports/sustainability-kpis-summary/,1
Informa,2019,3,Scope 3 - Downstream - End of life treatment of sold products - Disposal of books & journals,209,,https://www.informa.com/sustainability/sustainability-reports/sustainability-kpis-summary/,1
Informa,2020,3,Scope 3 - Downstream - End of life treatment of sold products - Disposal of books & journals,123,,https://www.informa.com/sustainability/sustainability-reports/sustainability-kpis-summary/,1
Informa,2021,3,Scope 3 - Downstream - End of life treatment of sold products - Disposal of books & journals,134,,https://www.informa.com/sustainability/sustainability-reports/sustainability-kpis-summary/,1
Informa,2016,3,Scope 3 - Downstream - End of life treatment of sold products - Events waste,n/a,,https://www.informa.com/sustainability/sustainability-reports/sustainability-kpis-summary/,1
Informa,2017,3,Scope 3 - Downstream - End of life treatment of sold products - Events waste,64294,,https://www.informa.com/sustainability/sustainability-reports/sustainability-kpis-summary/,1
Informa,2018,3,Scope 3 - Downstream - End of life treatment of sold products - Events waste,64294,,https://www.informa.com/sustainability/sustainability-reports/sustainability-kpis-summary/,1
Informa,2019,3,Scope 3 - Downstream - End of life treatment of sold products - Events waste,58797,,https://www.informa.com/sustainability/sustainability-reports/sustainability-kpis-summary/,1
Informa,2020,3,Scope 3 - Downstream - End of life treatment of sold products - Events waste,20161,,https://www.informa.com/sustainability/sustainability-reports/sustainability-kpis-summary/,1
Informa,2021,3,Scope 3 - Downstream - End of life treatment of sold products - Events waste,31165,,https://www.informa.com/sustainability/sustainability-reports/sustainability-kpis-summary/,1
Informa,2016,3,Scope 3 - Downstream - Franchises,0,,https://www.informa.com/sustainability/sustainability-reports/sustainability-kpis-summary/,1
Informa,2017,3,Scope 3 - Downstream - Franchises,0,,https://www.informa.com/sustainability/sustainability-reports/sustainability-kpis-summary/,1
Informa,2018,3,Scope 3 - Downstream - Franchises,0,,https://www.informa.com/sustainability/sustainability-reports/sustainability-kpis-summary/,1
Informa,2019,3,Scope 3 - Downstream - Franchises,0,,https://www.informa.com/sustainability/sustainability-reports/sustainability-kpis-summary/,1
Informa,2020,3,Scope 3 - Downstream - Franchises,0,,https://www.informa.com/sustainability/sustainability-reports/sustainability-kpis-summary/,1
Informa,2021,3,Scope 3 - Downstream - Franchises,0,,https://www.informa.com/sustainability/sustainability-reports/sustainability-kpis-summary/,1
Informa,2016,3,Scope 3 - Downstream - Investments,0,,https://www.informa.com/sustainability/sustainability-reports/sustainability-kpis-summary/,1
Informa,2017,3,Scope 3 - Downstream - Investments,0,,https://www.informa.com/sustainability/sustainability-reports/sustainability-kpis-summary/,1
Informa,2018,3,Scope 3 - Downstream - Investments,0,,https://www.informa.com/sustainability/sustainability-reports/sustainability-kpis-summary/,1
Informa,2019,3,Scope 3 - Downstream - Investments,0,,https://www.informa.com/sustainability/sustainability-reports/sustainability-kpis-summary/,1
Informa,2020,3,Scope 3 - Downstream - Investments,0,,https://www.informa.com/sustainability/sustainability-reports/sustainability-kpis-summary/,1
Informa,2021,3,Scope 3 - Downstream - Investments,0,,https://www.informa.com/sustainability/sustainability-reports/sustainability-kpis-summary/,1
Informa,2016,3,Scope 3 - Downstream - Processing of sold products,0,,https://www.informa.com/sustainability/sustainability-reports/sustainability-kpis-summary/,1
Informa,2017,3,Scope 3 - Downstream - Processing of sold products,0,,https://www.informa.com/sustainability/sustainability-reports/sustainability-kpis-summary/,1
Informa,2018,3,Scope 3 - Downstream - Processing of sold products,0,,https://www.informa.com/sustainability/sustainability-reports/sustainability-kpis-summary/,1
Informa,2019,3,Scope 3 - Downstream - Processing of sold products,0,,https://www.informa.com/sustainability/sustainability-reports/sustainability-kpis-summary/,1
Informa,2020,3,Scope 3 - Downstream - Processing of sold products,0,,https://www.informa.com/sustainability/sustainability-reports/sustainability-kpis-summary/,1
Informa,2021,3,Scope 3 - Downstream - Processing of sold products,0,,https://www.informa.com/sustainability/sustainability-reports/sustainability-kpis-summary/,1
Informa,2016,3,Scope 3 - Downstream - Use of sold products - Customer use of digital products & services,n/a,,https://www.informa.com/sustainability/sustainability-reports/sustainability-kpis-summary/,1
Informa,2017,3,Scope 3 - Downstream - Use of sold products - Customer use of digital products & services,10796,,https://www.informa.com/sustainability/sustainability-reports/sustainability-kpis-summary/,1
Informa,2018,3,Scope 3 - Downstream - Use of sold products - Customer use of digital products & services,13088,,https://www.informa.com/sustainability/sustainability-reports/sustainability-kpis-summary/,1
Informa,2019,3,Scope 3 - Downstream - Use of sold products - Customer use of digital products & services,15381,,https://www.informa.com/sustainability/sustainability-reports/sustainability-kpis-summary/,1
Informa,2020,3,Scope 3 - Downstream - Use of sold products - Customer use of digital products & services,20613,,https://www.informa.com/sustainability/sustainability-reports/sustainability-kpis-summary/,1
Informa,2021,3,Scope 3 - Downstream - Use of sold products - Customer use of digital products & services,26116,,https://www.informa.com/sustainability/sustainability-reports/sustainability-kpis-summary/,1
Informa,2016,3,"Scope 3 - Downstream - Use of sold products - Events' energy, water & material use",n/a,,https://www.informa.com/sustainability/sustainability-reports/sustainability-kpis-summary/,1
Informa,2017,3,"Scope 3 - Downstream - Use of sold products - Events' energy, water & material use",90138,,https://www.informa.com/sustainability/sustainability-reports/sustainability-kpis-summary/,1
Informa,2018,3,"Scope 3 - Downstream - Use of sold products - Events' energy, water & material use",90138,,https://www.informa.com/sustainability/sustainability-reports/sustainability-kpis-summary/,1
Informa,2019,3,"Scope 3 - Downstream - Use of sold products - Events' energy, water & material use",91915,,https://www.informa.com/sustainability/sustainability-reports/sustainability-kpis-summary/,1
Informa,2020,3,"Scope 3 - Downstream - Use of sold products - Events' energy, water & material use",15698,,https://www.informa.com/sustainability/sustainability-reports/sustainability-kpis-summary/,1
Informa,2021,3,"Scope 3 - Downstream - Use of sold products - Events' energy, water & material use",28767,,https://www.informa.com/sustainability/sustainability-reports/sustainability-kpis-summary/,1
RELX,2011,3,Scope 3 - home base employees,"1,378",,https://www.relx.com/~/media/Files/R/RELX-Group/documents/responsibility/download-center/2011-cr-report.pdf,1
RELX,2012,3,Scope 3 - home base employees,"1,212",,https://www.relx.com/~/media/Files/R/RELX-Group/documents/responsibility/download-center/2012-cr-report.pdf,1
RELX,2013,3,Scope 3 - home base employees,"1,285",,https://www.relx.com/~/media/Files/R/RELX-Group/documents/responsibility/download-center/2013-cr-report.pdf,1
RELX,2006,3,Scope 3 - key suppliers (estimated),n/a,,https://www.relx.com/~/media/Files/R/RELX-Group/documents/responsibility/download-center/2010-cr-report.pdf,1
RELX,2007,3,Scope 3 - key suppliers (estimated),n/a,,https://www.relx.com/~/media/Files/R/RELX-Group/documents/responsibility/download-center/2010-cr-report.pdf,1
RELX,2008,3,Scope 3 - key suppliers (estimated),n/a,,https://www.relx.com/~/media/Files/R/RELX-Group/documents/responsibility/download-center/2010-cr-report.pdf,1
RELX,2009,3,Scope 3 - key suppliers (estimated),"755,894",,https://www.relx.com/~/media/Files/R/RELX-Group/documents/responsibility/download-center/2010-cr-report.pdf,1
RELX,2010,3,Scope 3 - key suppliers (estimated),"386,226",,https://www.relx.com/~/media/Files/R/RELX-Group/documents/responsibility/download-center/2010-cr-report.pdf,1
RELX,2011,3,Scope 3 - suppliers,"569,125",,https://www.relx.com/~/media/Files/R/RELX-Group/documents/responsibility/download-center/2011-cr-report.pdf,1
RELX,2012,3,Scope 3 - suppliers,"833,428",,https://www.relx.com/~/media/Files/R/RELX-Group/documents/responsibility/download-center/2012-cr-report.pdf,1
RELX,2013,3,Scope 3 - suppliers,"705,115",,https://www.relx.com/~/media/Files/R/RELX-Group/documents/responsibility/download-center/2013-cr-report.pdf,1
Informa,2016,3,Scope 3 - Upstream - Business travel,n/a,,https://www.informa.com/sustainability/sustainability-reports/sustainability-kpis-summary/,1
Informa,2017,3,Scope 3 - Upstream - Business travel,39231,,https://www.informa.com/sustainability/sustainability-reports/sustainability-kpis-summary/,1
Informa,2018,3,Scope 3 - Upstream - Business travel,39231,,https://www.informa.com/sustainability/sustainability-reports/sustainability-kpis-summary/,1
Informa,2019,3,Scope 3 - Upstream - Business travel,34479,,https://www.informa.com/sustainability/sustainability-reports/sustainability-kpis-summary/,1
Informa,2020,3,Scope 3 - Upstream - Business travel,18638,,https://www.informa.com/sustainability/sustainability-reports/sustainability-kpis-summary/,1
Informa,2021,3,Scope 3 - Upstream - Business travel,3805,,https://www.informa.com/sustainability/sustainability-reports/sustainability-kpis-summary/,1
Informa,2016,3,Scope 3 - Upstream - Capital goods,n/a,,https://www.informa.com/sustainability/sustainability-reports/sustainability-kpis-summary/,1
Informa,2017,3,Scope 3 - Upstream - Capital goods,7862,,https://www.informa.com/sustainability/sustainability-reports/sustainability-kpis-summary/,1
Informa,2018,3,Scope 3 - Upstream - Capital goods,7862,,https://www.informa.com/sustainability/sustainability-reports/sustainability-kpis-summary/,1
Informa,2019,3,Scope 3 - Upstream - Capital goods,20609,,https://www.informa.com/sustainability/sustainability-reports/sustainability-kpis-summary/,1
Informa,2020,3,Scope 3 - Upstream - Capital goods,20177,,https://www.informa.com/sustainability/sustainability-reports/sustainability-kpis-summary/,1
Informa,2021,3,Scope 3 - Upstream - Capital goods,16612,,https://www.informa.com/sustainability/sustainability-reports/sustainability-kpis-summary/,1
Informa,2016,3,Scope 3 - Upstream - Employee commuting,n/a,,https://www.informa.com/sustainability/sustainability-reports/sustainability-kpis-summary/,1
Informa,2017,3,Scope 3 - Upstream - Employee commuting,11747,,https://www.informa.com/sustainability/sustainability-reports/sustainability-kpis-summary/,1
Informa,2018,3,Scope 3 - Upstream - Employee commuting,11009,,https://www.informa.com/sustainability/sustainability-reports/sustainability-kpis-summary/,1
Informa,2019,3,Scope 3 - Upstream - Employee commuting,10502,,https://www.informa.com/sustainability/sustainability-reports/sustainability-kpis-summary/,1
Informa,2020,3,Scope 3 - Upstream - Employee commuting,1932,,https://www.informa.com/sustainability/sustainability-reports/sustainability-kpis-summary/,1
Informa,2021,3,Scope 3 - Upstream - Employee commuting,2063,,https://www.informa.com/sustainability/sustainability-reports/sustainability-kpis-summary/,1
Informa,2016,3,Scope 3 - Upstream - Energy (well-to-tank),1860,,https://www.informa.com/sustainability/sustainability-reports/sustainability-kpis-summary/,1
Informa,2017,3,Scope 3 - Upstream - Energy (well-to-tank),1933,,https://www.informa.com/sustainability/sustainability-reports/sustainability-kpis-summary/,1
Informa,2018,3,Scope 3 - Upstream - Energy (well-to-tank),1820,,https://www.informa.com/sustainability/sustainability-reports/sustainability-kpis-summary/,1
Informa,2019,3,Scope 3 - Upstream - Energy (well-to-tank),1418,,https://www.informa.com/sustainability/sustainability-reports/sustainability-kpis-summary/,1
Informa,2020,3,Scope 3 - Upstream - Energy (well-to-tank),1127,,https://www.informa.com/sustainability/sustainability-reports/sustainability-kpis-summary/,1
Informa,2021,3,Scope 3 - Upstream - Energy (well-to-tank),1767,,https://www.informa.com/sustainability/sustainability-reports/sustainability-kpis-summary/,1
Informa,2016,3,Scope 3 - Upstream - Office waste,696,,https://www.informa.com/sustainability/sustainability-reports/sustainability-kpis-summary/,1
Informa,2017,3,Scope 3 - Upstream - Office waste,820,,https://www.informa.com/sustainability/sustainability-reports/sustainability-kpis-summary/,1
Informa,2018,3,Scope 3 - Upstream - Office waste,760,,https://www.informa.com/sustainability/sustainability-reports/sustainability-kpis-summary/,1
Informa,2019,3,Scope 3 - Upstream - Office waste,722,,https://www.informa.com/sustainability/sustainability-reports/sustainability-kpis-summary/,1
Informa,2020,3,Scope 3 - Upstream - Office waste,378,,https://www.informa.com/sustainability/sustainability-reports/sustainability-kpis-summary/,1
Informa,2021,3,Scope 3 - Upstream - Office waste,140,,https://www.informa.com/sustainability/sustainability-reports/sustainability-kpis-summary/,1
Informa,2016,3,Scope 3 - Upstream - Purchased good & services,n/a,,https://www.informa.com/sustainability/sustainability-reports/sustainability-kpis-summary/,1
Informa,2017,3,Scope 3 - Upstream - Purchased good & services,163394,,https://www.informa.com/sustainability/sustainability-reports/sustainability-kpis-summary/,1
Informa,2018,3,Scope 3 - Upstream - Purchased good & services,163394,,https://www.informa.com/sustainability/sustainability-reports/sustainability-kpis-summary/,1
Informa,2019,3,Scope 3 - Upstream - Purchased good & services,169127,,https://www.informa.com/sustainability/sustainability-reports/sustainability-kpis-summary/,1
Informa,2020,3,Scope 3 - Upstream - Purchased good & services,127692,,https://www.informa.com/sustainability/sustainability-reports/sustainability-kpis-summary/,1
Informa,2021,3,Scope 3 - Upstream - Purchased good & services,134411,,https://www.informa.com/sustainability/sustainability-reports/sustainability-kpis-summary/,1
Informa,2016,3,Scope 3 - Upstream - Transmission & Distribution losses,963,,https://www.informa.com/sustainability/sustainability-reports/sustainability-kpis-summary/,1
Informa,2017,3,Scope 3 - Upstream - Transmission & Distribution losses,943,,https://www.informa.com/sustainability/sustainability-reports/sustainability-kpis-summary/,1
Informa,2018,3,Scope 3 - Upstream - Transmission & Distribution losses,562,,https://www.informa.com/sustainability/sustainability-reports/sustainability-kpis-summary/,1
Informa,2019,3,Scope 3 - Upstream - Transmission & Distribution losses,501,,https://www.informa.com/sustainability/sustainability-reports/sustainability-kpis-summary/,1
Informa,2020,3,Scope 3 - Upstream - Transmission & Distribution losses,320,,https://www.informa.com/sustainability/sustainability-reports/sustainability-kpis-summary/,1
Informa,2021,3,Scope 3 - Upstream - Transmission & Distribution losses,309,,https://www.informa.com/sustainability/sustainability-reports/sustainability-kpis-summary/,1
Informa,2016,3,Scope 3 - Upstream - Upstream leased assets,0,,https://www.informa.com/sustainability/sustainability-reports/sustainability-kpis-summary/,1
Informa,2017,3,Scope 3 - Upstream - Upstream leased assets,0,,https://www.informa.com/sustainability/sustainability-reports/sustainability-kpis-summary/,1
Informa,2018,3,Scope 3 - Upstream - Upstream leased assets,0,,https://www.informa.com/sustainability/sustainability-reports/sustainability-kpis-summary/,1
Informa,2019,3,Scope 3 - Upstream - Upstream leased assets,0,,https://www.informa.com/sustainability/sustainability-reports/sustainability-kpis-summary/,1
Informa,2020,3,Scope 3 - Upstream - Upstream leased assets,0,,https://www.informa.com/sustainability/sustainability-reports/sustainability-kpis-summary/,1
Informa,2021,3,Scope 3 - Upstream - Upstream leased assets,0,,https://www.informa.com/sustainability/sustainability-reports/sustainability-kpis-summary/,1
Informa,2016,3,Scope 3 - Upstream - Upstream transportation and distribution - Books & journals distribution,n/a,,https://www.informa.com/sustainability/sustainability-reports/sustainability-kpis-summary/,1
Informa,2017,3,Scope 3 - Upstream - Upstream transportation and distribution - Books & journals distribution,6937,,https://www.informa.com/sustainability/sustainability-reports/sustainability-kpis-summary/,1
Informa,2018,3,Scope 3 - Upstream - Upstream transportation and distribution - Books & journals distribution,6937,,https://www.informa.com/sustainability/sustainability-reports/sustainability-kpis-summary/,1
Informa,2019,3,Scope 3 - Upstream - Upstream transportation and distribution - Books & journals distribution,16200,,https://www.informa.com/sustainability/sustainability-reports/sustainability-kpis-summary/,1
Informa,2020,3,Scope 3 - Upstream - Upstream transportation and distribution - Books & journals distribution,17960,,https://www.informa.com/sustainability/sustainability-reports/sustainability-kpis-summary/,1
Informa,2021,3,Scope 3 - Upstream - Upstream transportation and distribution - Books & journals distribution,15186,,https://www.informa.com/sustainability/sustainability-reports/sustainability-kpis-summary/,1
Informa,2016,3,Scope 3 - Upstream - Water use,176,,https://www.informa.com/sustainability/sustainability-reports/sustainability-kpis-summary/,1
Informa,2017,3,Scope 3 - Upstream - Water use,195,,https://www.informa.com/sustainability/sustainability-reports/sustainability-kpis-summary/,1
Informa,2018,3,Scope 3 - Upstream - Water use,173,,https://www.informa.com/sustainability/sustainability-reports/sustainability-kpis-summary/,1
Informa,2019,3,Scope 3 - Upstream - Water use,103,,https://www.informa.com/sustainability/sustainability-reports/sustainability-kpis-summary/,1
Informa,2020,3,Scope 3 - Upstream - Water use,29,,https://www.informa.com/sustainability/sustainability-reports/sustainability-kpis-summary/,1
Informa,2021,3,Scope 3 - Upstream - Water use,8,,https://www.informa.com/sustainability/sustainability-reports/sustainability-kpis-summary/,1
RELX,2006,3,Scope 3 - water use,n/a,,https://www.relx.com/~/media/Files/R/RELX-Group/documents/responsibility/download-center/2010-cr-report.pdf,1
RELX,2007,3,Scope 3 - water use,n/a,,https://www.relx.com/~/media/Files/R/RELX-Group/documents/responsibility/download-center/2010-cr-report.pdf,1
RELX,2008,3,Scope 3 - water use,n/a,,https://www.relx.com/~/media/Files/R/RELX-Group/documents/responsibility/download-center/2010-cr-report.pdf,1
RELX,2009,3,Scope 3 - water use,134,,https://www.relx.com/~/media/Files/R/RELX-Group/documents/responsibility/download-center/2010-cr-report.pdf,1
RELX,2010,3,Scope 3 - water use,140,,https://www.relx.com/~/media/Files/R/RELX-Group/documents/responsibility/download-center/2010-cr-report.pdf,1
RELX,2011,3,Scope 3 - water use,133,,https://www.relx.com/~/media/Files/R/RELX-Group/documents/responsibility/download-center/2011-cr-report.pdf,1
RELX,2012,3,Scope 3 - water use,127,,https://www.relx.com/~/media/Files/R/RELX-Group/documents/responsibility/download-center/2012-cr-report.pdf,1
RELX,2013,3,Scope 3 - water use,110,"reported in tCO2e, moved to m3 in 2014",https://www.relx.com/~/media/Files/R/RELX-Group/documents/responsibility/download-center/2013-cr-report.pdf,1
Springer Nature,2017,3,Scope 3 - business flights,"20,751",,https://media.springernature.com/full/springer-cms/rest/v1/content/15569814/data/v5,1
Springer Nature,2018,3,Scope 3 - business flights,21449,,https://sustainablebusiness.springernature.com/2018/,1
Springer Nature,2019,3,Scope 3 - business flights,"19,473",,https://sustainablebusiness.springernature.com/2021/assets/files/sustainable-business-report-2021.pdf,1
Springer Nature,2020,3,Scope 3 - business flights,"4,303",,https://sustainablebusiness.springernature.com/2021/assets/files/sustainable-business-report-2021.pdf,1
Springer Nature,2019,3,Scope 3 - Leased building services (location-based emissions),"1,693",,https://sustainablebusiness.springernature.com/2021/assets/files/sustainable-business-report-2021.pdf,1
Springer Nature,2020,3,Scope 3 - Leased building services (location-based emissions),"1,114",,https://sustainablebusiness.springernature.com/2021/assets/files/sustainable-business-report-2021.pdf,1
Springer Nature,2021,3,Scope 3 - Leased building services (location-based emissions),838,,https://sustainablebusiness.springernature.com/2021/assets/files/sustainable-business-report-2021.pdf,1
Springer Nature,2019,3,Scope 3 - Leased building services (market-based emissions),717,,https://sustainablebusiness.springernature.com/2021/assets/files/sustainable-business-report-2021.pdf,0
Springer Nature,2020,3,Scope 3 - Leased building services (market-based emissions),280,,https://sustainablebusiness.springernature.com/2021/assets/files/sustainable-business-report-2021.pdf,0
Springer Nature,2021,3,Scope 3 - Leased building services (market-based emissions),184,,https://sustainablebusiness.springernature.com/2021/assets/files/sustainable-business-report-2021.pdf,0
Springer Nature,2017,3,"Scope 3 - Leased building services, market-based emissions)",1848,Did not report location-based in this year,https://media.springernature.com/full/springer-cms/rest/v1/content/15569814/data/v5,0
Springer Nature,2018,3,Scope 3 - Leased building services,639,,https://sustainablebusiness.springernature.com/2018/,1
Wiley,2020,3,scope 3 - other indirect emissions,"18,633.80",Incl. business travel and the distribution and storage of books and journals,https://wiley-ecomm-prod-content.s3.amazonaws.com/FY20_Green_House_Gas_Emissions,1
Springer Nature,2017,3,Scope 3 - transmission and distribution of energy,2164,,https://media.springernature.com/full/springer-cms/rest/v1/content/15569814/data/v5,1
Springer Nature,2018,3,Scope 3 - transmission and distribution of energy,2074,,https://sustainablebusiness.springernature.com/2018/,1
Informa,2016,3,Scope 3 emissions - Total downstream emissions,n/a,,https://www.informa.com/sustainability/sustainability-reports/sustainability-kpis-summary/,0
Informa,2017,3,Scope 3 emissions - Total downstream emissions,416465,,https://www.informa.com/sustainability/sustainability-reports/sustainability-kpis-summary/,0
Informa,2018,3,Scope 3 emissions - Total downstream emissions,418750,,https://www.informa.com/sustainability/sustainability-reports/sustainability-kpis-summary/,0
Informa,2019,3,Scope 3 emissions - Total downstream emissions,406640,,https://www.informa.com/sustainability/sustainability-reports/sustainability-kpis-summary/,0
Informa,2020,3,Scope 3 emissions - Total downstream emissions,115651,,https://www.informa.com/sustainability/sustainability-reports/sustainability-kpis-summary/,0
Informa,2021,3,Scope 3 emissions - Total downstream emissions,195824,,https://www.informa.com/sustainability/sustainability-reports/sustainability-kpis-summary/,0
Informa,2016,3,Scope 3 emissions - Total upstream emissions,n/a,,https://www.informa.com/sustainability/sustainability-reports/sustainability-kpis-summary/,0
Informa,2017,3,Scope 3 emissions - Total upstream emissions,233062,,https://www.informa.com/sustainability/sustainability-reports/sustainability-kpis-summary/,0
Informa,2018,3,Scope 3 emissions - Total upstream emissions,231748,,https://www.informa.com/sustainability/sustainability-reports/sustainability-kpis-summary/,0
Informa,2019,3,Scope 3 emissions - Total upstream emissions,253660,,https://www.informa.com/sustainability/sustainability-reports/sustainability-kpis-summary/,0
Informa,2020,3,Scope 3 emissions - Total upstream emissions,188253,,https://www.informa.com/sustainability/sustainability-reports/sustainability-kpis-summary/,0
Informa,2021,3,Scope 3 emissions - Total upstream emissions,174301,,https://www.informa.com/sustainability/sustainability-reports/sustainability-kpis-summary/,0
