#,Subdiscipline,Authors,Title,Year,Type,Journal,Publisher,GScholar_Citations,Link,Exists
1,Clinical Psychology,American Psychiatric Association,Diagnostic and statistical manual of mental disorders (5th ed.).,2013,Book,,American Psychological Association,332732,https://doi.org/10.1176/appi.books.9780890425596,Yes
2,Clinical Psychology,American Psychological Association,Clinical psychology,2017,Online article,,American Psychological Association,,https://www.apa.org/ed/graduate/specialize/clinical,Yes
3,Clinical Psychology,"Andersson, G., Carlbring, P., Lindefors, N., Nyström, M., & Rozental, A.","The Internet, cognitive-behavioral therapy, and psychiatry",2014,Journal article,Harvard Review of Psychiatry,Lippincott Williams & Wilkins,,,No
4,Clinical Psychology,"Cuijpers, P., van Straten, A., Andersson, G., & van Oppen, P. ",Psychotherapy for depression in adults: A meta-analysis of comparative outcome studies,2008,Journal article,Journal of Consulting and Clinical Psychology,American Psychological Association,1390,https://psycnet.apa.org/doi/10.1037/a0013075,Yes
5,Clinical Psychology,"Norcross, J. C., Hogan, T. P., & Koocher, G. P.",Clinician's guide to evidence-based practices: Mental health and the addictions,2008,Book,,Oxford University Press,138,https://doi.org/10.1093/med:psych/9780190621933.001.0001,Yes
6,Clinical Psychology,"Smoller, J. W., Kendler, K., Craddock, N., Lee, P. H., Neale, B. M., Nurnberger, J. I., ... & Sullivan, P. F.",Identification of risk loci with shared effects on five major psychiatric disorders: A genome-wide analysis,2013,Journal article,The Lancet,Elsevier,2800,https://doi.org/10.1016/S0140-6736(12)62129-1,Yes
7,Clinical Psychology,"Hofmann, S. G., Asnaani, A., Vonk, I. J., Sawyer, A. T., & Fang, A.",The efficacy of cognitive behavioral therapy: A review of meta-analyses,2012,Journal article,Cognitive Therapy and Research,Springer Nature,3465,https://doi.org/10.1007/s10608-012-9476-1,Yes
8,Clinical Psychology,American Psychological Association,Stress in America™ 2020,2020,Press release,,American Psychological Association,,https://www.apa.org/news/press/releases/stress/2020/report-october,Yes
9,Clinical Psychology,"Beck, A. T., Rush, A. J., Shaw, B. F., & Emery, G.",Cognitive therapy of depression,1979,Book,,Guilford Press,27539,https://www.guilford.com/books/Cognitive-Therapy-of-Depression/Beck-Rush-Shaw-Emery/9780898629194,Yes
10,Clinical Psychology,"Brown, T. A., & Barlow, D. H.",Dimensional versus categorical classification of mental disorders in the fifth edition of the Diagnostic and Statistical Manual of Mental Disorders and beyond: Comment on the special section,2005,Journal article,Journal of Abnormal Psychology,American Psychological Association,392,https://psycnet.apa.org/doi/10.1037/0021-843X.114.4.551,Yes
11,Clinical Psychology,"Clark, D. M., & Beck, A. T.",Cognitive theory and therapy of anxiety and depression: Convergence with neurobiological findings,2010,Journal article,Trends in Cognitive Sciences,Elsevier,761,https://doi.org/10.1016/j.tics.2010.06.007,Yes
12,Clinical Psychology,"DeRubeis, R. J., Siegle, G. J., & Hollon, S. D.",Cognitive therapy versus medication for depression: Treatment outcomes and neural mechanisms,2008,Journal article,Nature Reviews Neuroscience,Springer Nature,914,https://doi.org/10.1038/nrn2345,Yes
13,Clinical Psychology,"Fava, G. A., & Ruini, C.",Development and characteristics of a well-being enhancing psychotherapeutic strategy: Well-being therapy,2003,Journal article,Journal of Behavior Therapy and Experimental Psychiatry,Elsevier,562,https://doi.org/10.1016/S0005-7916(03)00019-3,Yes
14,Clinical Psychology,"Frank, J. D.",Therapeutic factors in psychotherapy,1973,Journal article,American Journal of Psychotherapy,American Psychological Association,712,https://doi.org/10.1176/appi.psychotherapy.1971.25.3.350,Yes
15,Clinical Psychology,"Goodman, W. K., Price, L. H., Rasmussen, S. A., Mazure, C., Fleischmann, K., Hill, C. L., Heninger, G. R., & Charney, D. S.","The Yale-Brown Obsessive Compulsive Scale: I. Development, use, and reliability",1989,Journal article,Archives of General Psychiatry,American Medical Association,8940,https://doi.org/10.1001/archpsyc.1989.01810110048007,Yes
16,Clinical Psychology,"Grant, J. E., Odlaug, B. L., & Schreiber, L. R.",Pharmacological treatments in pathological gambling,2013,Journal article,British Journal of Clinical Pharmacology,Wiley-Blackwell,107,https://doi.org/10.1111/j.1365-2125.2012.04457.x,Yes
17,Clinical Psychology,"Hofmann, S. G., & Hayes, S. C.",The future of intervention science: Process-based therapy,2019,Journal article,Clinical Psychological Science,SAGE Publishing,601,https://doi.org/10.1177/2167702618772296,Yes
18,Clinical Psychology,"Jacobson, N. S., & Truax, P.",Clinical significance: A statistical approach to defining meaningful change in psychotherapy research,1991,Journal article,Journal of Consulting and Clinical Psychology,American Psychological Association,12136,https://psycnet.apa.org/doi/10.1037/10109-042,Yes
19,Clinical Psychology,"Lambert, M. J.",Outcome in psychotherapy: The past and important advances,2013,Journal article,Psychotherapy,American Psychological Association,412,https://psycnet.apa.org/buy/2013-08252-008,Yes
20,Clinical Psychology,"Leichsenring, F., & Rabung, S.",Effectiveness of long-term psychodynamic psychotherapy: A meta-analysis,2008,Journal article,JAMA Psychiatry,American Medical Association,1208,https://doi.org/10.1001/jama.300.13.1551,Yes
21,Clinical Psychology,"McHugh, R. K., Hearon, B. A., & Otto, M. W.",Cognitive-behavioral therapy for substance use disorders,2010,Journal article,The Psychiatric Clinics of North America,Elsevier,595,https://doi.org/10.1016/j.psc.2010.04.012,Yes
22,Clinical Psychology,"Morris, L., Stander, V. A., & Boswell, J. F.",The effectiveness of behavioral activation therapy for depression: A meta-analysis,2016,Journal article,Journal of Clinical Psychology,Wiley-Blackwell,,,No
23,Clinical Psychology,NICE,Depression in adults: Recognition and management,2018,Clinical guideline,,National Institute for Health and Care Excellence,,https://www.nice.org.uk/guidance/ng222,Yes
24,Clinical Psychology,"Wu, J. Q., Szczepanik, J., & McCarron, R. M. ",Pharmacologic management of anxiety disorders in the elderly,2016,Journal article,Current Psychiatry Reports,Springer Nature,,,No
25,Developmental Psychology,"Bowlby, J.",Attachment and Loss: Vol. 1,1969,Book,,Basic Books,69419,https://scholar.google.com/scholar_lookup?&title=Attachment%20and%20loss%3A%20Attachment&publication_year=1969&author=Bowlby%2CJ,Yes
26,Developmental Psychology,"Heckman, J. J.",Skill formation and the economics of investing in disadvantaged children,2006,Journal article,Science,American Association for the Advancement of Science,4921,https://doi.org/10.1126/science.1128898,Yes
27,Developmental Psychology,"Ainsworth, M. D. S., Blehar, M. C., Waters, E., & Wall, S.",Patterns of attachment: A psychological study of the Strange Situation,1978,Book,,Lawrence Erlbaum,35267,https://doi.org/10.4324/9781315802428,Yes
28,Developmental Psychology,"Piaget, J.",The origins of intelligence in children,1952,Book,,International Universities Press,22415,https://psycnet.apa.org/doi/10.1037/11494-000,Yes
29,Developmental Psychology,"Sroufe, L. A.","The coherence of individual development: Early care, attachment, and subsequent developmental issues",1979,Journal article,American Psychologist,American Psychological Association,1620,https://psycnet.apa.org/doi/10.1037/0003-066X.34.10.834,Yes
30,Developmental Psychology,"Erikson, E. H.",Childhood and society,1950,Book,,W.W. Norton,,https://wwnorton.com/books/9780393310689,Yes
31,Developmental Psychology,"Bandura, A.",Social learning theory,1977,Book,,Prentice Hall,78581,https://books.google.ro/books/about/Social_Learning_Theory.html?id=IXvuAAAAMAAJ&redir_esc=y,Yes
32,Developmental Psychology,"Vygotsky, L. S.",Mind in society: The development of higher psychological processes,1978,Book,,Harvard University Press,145816,https://doi.org/10.2307/j.ctvjf9vz4,Yes
33,Developmental Psychology,"Bruner, J. S.",The process of education,1960,Book,,Harvard University Press,,https://www.hup.harvard.edu/catalog.php?isbn=9780674710016,Yes
34,Developmental Psychology,"Siegler, R. S.",Emerging minds: The process of change in children's thinking,1996,Book,,Oxford University Press,2271,https://psycnet.apa.org/record/1997-97102-000,Yes
35,Developmental Psychology,"Gopnik, A., Meltzoff, A. N., & Kuhl, P. K.","The scientist in the crib: Minds, brains, and how children learn",1999,Book,,William Morrow,1228,https://psycnet.apa.org/record/2000-07101-000,Yes
36,Developmental Psychology,"Lerner, R. M.",Children and adolescents as producers of their own development,1982,Journal article,Developmental Review,Elsevier,645,https://doi.org/10.1016/0273-2297(82)90018-1,Yes
37,Developmental Psychology,"Sameroff, A. J.",Transactional models in early social relations,1975,Journal article,Human Development,Karger,1264,https://doi.org/10.1159/000271476,Yes
38,Developmental Psychology,"Rutter, M.",Protective factors in children's responses to stress and disadvantage,1979,Journal article,"Annals of the Academy of Medicine, Singapore",Academy of Medicine Singapore,3995,https://europepmc.org/article/med/547874,Yes
39,Developmental Psychology,"Bronfenbrenner, U.",The ecology of human development: Experiments by nature and design,1979,Book,,Harvard University Press,63000,https://www.hup.harvard.edu/catalog.php?isbn=9780674224575,Yes
40,Developmental Psychology,"Harlow, H. F.",The nature of love,1958,Journal article,American Psychologist,American Psychological Association,,https://psycnet.apa.org/doi/10.1037/h0047884,Yes
41,Developmental Psychology,"Thompson, R. A.",Early attachment and later development,1999,Book chapter,,Guilford Press,5423,https://psycnet.apa.org/record/1999-02469-000,Yes
42,Developmental Psychology,"Sroufe, L. A., Egeland, B., Carlson, E. A., & Collins, W. A.",The development of the person: The Minnesota study of risk and adaptation from birth to adulthood,2005,Book,,Guilford Press,2799,https://www.guilford.com/books/The-Development-of-the-Person/Sroufe-Egeland-Carlson-Collins/9781606232491,Yes
43,Developmental Psychology,"Fernald, A.",Human maternal vocalizations to infants as biologically relevant signals: An evolutionary perspective,1992,Book chapter,,Cambridge University Press,298,https://psycnet.apa.org/doi/10.1017/CBO9780511758843,Yes
44,Developmental Psychology,"Kagan, J.",Reflection-impulsivity: The,1979,,,,,,No
45,Developmental Psychology,"Gesell, A.",An atlas of infant behavior: A systematic delineation of the forms and early growth of human behavior patterns,1940,Book,,Yale University Press,,https://psycnet.apa.org/record/1935-00449-000,Yes
46,Developmental Psychology,"Bowlby, J.",Attachment and loss: Vol. 3. Loss: Sadness and depression,1980,Book,,Basic Books,938,https://www.scirp.org/(S(lz5mqp453edsnp55rrgjct55))/reference/referencespapers.aspx?referenceid=1617487,Yes
47,Developmental Psychology,"Erikson, E. H.","Identity, youth and crisis",1968,Book,,W. W. Norton & Company,,https://wwnorton.com/books/9780393311440,Yes
48,Developmental Psychology,"Chomsky, N.",A review of B. F. Skinner's Verbal Behavior,1959,Journal article,Language,Linguistic Society of America,8374,https://doi.org/10.2307/411334,Yes
49,Developmental Psychology,"Johnson, M. H.",Developmental cognitive neuroscience: An introduction,2005,Book,,Wiley-Blackwell,,https://www.wiley.com/en-br/Developmental+Cognitive+Neuroscience%3A+An+Introduction%2C+5th+Edition-p-9781119904694,Yes
50,Social Psychology,"Lewin, K.",Principles of topological psychology,1936,Book,,McGraw-Hill,8308,https://psycnet.apa.org/doi/10.1037/10019-000,Yes
51,Social Psychology,"Petty, R. E., & Cacioppo, J. T.",Communication and persuasion: Central and peripheral routes to attitude change,1986,Book,,Springer Nature,12547,https://doi.org/10.1007/978-1-4612-4964-1,Yes
52,Social Psychology,"Tajfel, H., & Turner, J. C.",An integrative theory of intergroup conflict,1979,Book chapter,,Brooks/Cole,32163,https://www.alnap.org/help-library/an-integrative-theory-of-intergroup-conflict,Yes
53,Social Psychology,"Tajfel, H., & Turner, J. C.",The social identity theory of intergroup behavior,1986,Book chapter,,Nelson-Hall,33578,https://www.scirp.org/(S(351jmbntvnsjt1aadkposzje))/reference/ReferencesPapers.aspx?ReferenceID=1584694,Yes
54,Social Psychology,"Allport, G. W.",The nature of prejudice,1954,Book,,Perseus Books,,https://www.scirp.org/(S(351jmbntvnsjt1aadkozje))/reference/referencespapers.aspx?referenceid=1237389,Yes
55,Social Psychology,"Devine, P. G.",Stereotypes and prejudice: Their automatic and controlled components,1989,Journal article,Journal of Personality and Social Psychology,American Psychological Association,9637,https://psycnet.apa.org/doi/10.1037/0022-3514.56.1.5,Yes
56,Social Psychology,"Fiske, S. T., & Taylor, S. E.",Social cognition (2nd ed.),1991,Book,,McGraw-Hill,20524,https://psycnet.apa.org/record/1991-97723-000,Yes
57,Social Psychology,"Bargh, J. A., & Chartrand, T. L.",The unbearable automaticity of being,1999,Journal article,American Psychologist,American Psychological Association,6549,https://psycnet.apa.org/doi/10.1037/0003-066X.54.7.462,Yes
58,Social Psychology,"Dovidio, J. F., & Gaertner, S. L.",Aversive racism,2004,Book chapter,,Elsevier,1427,https://psycnet.apa.org/doi/10.1016/S0065-2601(04)36001-6,Yes
59,Social Psychology,"Eagly, A. H., & Chaiken, S.",The psychology of attitudes,1993,Book,,Harcourt Brace Jovanovich,21712,https://psycnet.apa.org/record/1992-98849-000,Yes
60,Social Psychology,"Festinger, L.",A theory of cognitive dissonance,1957,Book,,"Row, Peterson",,https://www.sup.org/books/title/?id=3850,Yes
61,Social Psychology,"Gilbert, D. T.",Ordinary personology,1998,Book chapter,,McGraw-Hill,860,https://psycnet.apa.org/record/1998-07091-000,Yes
62,Social Psychology,"Heider, F.",The psychology of interpersonal relations,1958,Book,,Wiley-Blackwell,35693,https://doi.org/10.4324/9780203781159,Yes
63,Social Psychology,"Hogg, M. A., & Vaughan, G. M.",Social psychology (4th ed.),2005,Book,,Prentice Hall,385,https://www.worldcat.org/title/social-psychology/oclc/56942019,Yes
64,Social Psychology,"Jones, E. E., & Davis, K. E.",From acts to dispositions: The attribution process in person perception,1965,Book chapter,,Elsevier,6292,https://doi.org/10.1016/S0065-2601(08)60107-0,Yes
65,Social Psychology,"Kelley, H. H.",The processes of causal attribution,1973,Journal article,American Psychologist,American Psychological Association,7444,https://psycnet.apa.org/doi/10.1037/h0034225,Yes
66,Social Psychology,"Milgram, S.",Behavioral study of obedience,1963,Journal article,Journal of Abnormal and Social Psychology,American Psychological Association,8531,https://psycnet.apa.org/doi/10.1037/h0040525,Yes
67,Social Psychology,"Moscovici, S.",Social influence and social change,1976,Book,,Elsevier,2348,https://www.worldcat.org/title/social-influence-and-social-change/oclc/2852034,Yes
68,Social Psychology,"Sherif, M.",The psychology of social norms,1936,Book,,HarperCollins,5313,https://psycnet.apa.org/record/1937-00871-000,Yes
69,Social Psychology,"Tajfel, H.",Social identity and intergroup relations,1982,Book,,Cambridge University Press,7305,https://www.worldcat.org/title/8112345,Yes
70,Social Psychology,"Turner, J. C., Hogg, M. A., Oakes, P. J., Reicher, S. D., & Wetherell, M. S.",Rediscovering the social group: A self-categorization theory,1987,Book,,Wiley-Blackwell,19184,https://psycnet.apa.org/record/1987-98657-000,Yes
71,Social Psychology,"Brewer, M. B.",The social self: On being the same and different at the same time,1991,Journal article,Personality and Social Psychology Bulletin,SAGE Publishing,7780,https://doi.org/10.1177/0146167291175001,Yes
72,Social Psychology,"Buss, D. M.",Evolutionary psychology: The new science of the mind,1999,Book,,Routledge,5868,https://doi.org/10.4324/9781315663319,Yes
73,Social Psychology,"Cialdini, R. B.",Influence: The psychology of persuasion,1993,Book,,HarperCollins,5096,https://www.worldcat.org/title/influence-the-psychology-of-persuasion/oclc/474455339,Yes
74,Social Psychology,"Fiske, S. T.",Thinking is for doing: Portraits of social cognition from Daguerreotype to laserphoto,1992,Journal article,Journal of Personality and Social Psychology,American Psychological Association,805,https://psycnet.apa.org/doi/10.1037/0022-3514.63.6.877,Yes
75,Cognitive Psychology,"Anderson, J. R.",The architecture of cognition,1983,Book,,Harvard University Press,18212,https://doi.org/10.4324/9781315799438,Yes
76,Cognitive Psychology,"Atkinson, R. C., & Shiffrin, R. M.",Human memory: A proposed system and its control processes,1968,Journal article,Psychology of Learning and Motivation,Elsevier,14399,https://doi.org/10.1016/S0079-7421(08)60422-3,Yes
77,Cognitive Psychology,"Chomsky, N.",Syntactic structures,1957,Book,,De Gruyter,30412,https://doi.org/10.1515/9783110218329,Yes
78,Cognitive Psychology,"Craik, F. I. M., & Lockhart, R. S.",Levels of processing: A framework for memory research,1972,Journal article,Journal of Verbal Learning and Verbal Behavior,Elsevier,16292,https://doi.org/10.1016/S0022-5371(72)80001-X,Yes
79,Cognitive Psychology,"Gick, M. L., & Holyoak, K. J.",Analogical problem solving,1980,Journal article,Cognitive Psychology,Elsevier,3992,https://doi.org/10.1016/0010-0285(80)90013-4,Yes
80,Cognitive Psychology,"Hubel, D. H., & Wiesel, T. N.",Receptive fields of single neurones in the cat's striate cortex,1959,Journal article,Journal of Physiology,Wiley-Blackwell,6434,https://doi.org/10.1113/jphysiol.1959.sp006308,Yes
81,Cognitive Psychology,"Kahneman, D., & Tversky, A.",Prospect theory: An analysis of decision under risk,1979,Journal article,Econometrica,Wiley-Blackwell,76984,https://doi.org/10.2307/1914185,Yes
82,Cognitive Psychology,"Loftus, E. F., & Palmer, J. C.",Reconstruction of automobile destruction: An example of the interaction between language and memory,1974,Journal article,Journal of Verbal Learning and Verbal Behavior,Elsevier,3168,https://doi.org/10.1016/S0022-5371(74)80011-3,Yes
83,Cognitive Psychology,"Miller, G. A.","The magical number seven, plus or minus two: Some limits on our capacity for processing information",1956,Journal article,Psychological Review,American Psychological Association,39991,https://psycnet.apa.org/doi/10.1037/h0043158,Yes
84,Cognitive Psychology,"Newell, A., & Simon, H. A.",Human problem solving,1972,Book,,Prentice Hall,25172,https://psycnet.apa.org/record/1973-10478-000,Yes
85,Cognitive Psychology,"Paivio, A.",Imagery and verbal processes,1971,Book,,"Holt, Rinehart & Winston",10782,https://psycnet.apa.org/record/1973-00230-000,Yes
86,Cognitive Psychology,"Piaget, J.",The origins of intelligence in children,1952,Book,,International Universities Press,22415,https://psycnet.apa.org/doi/10.1037/11494-000,Yes
87,Cognitive Psychology,"Rumelhart, D. E., & McClelland, J. L.",Parallel distributed processing: Explorations in the microstructure of cognition,1986,Book,,MIT Press,26724,https://doi.org/10.7551/mitpress/5236.001.0001,Yes
88,Cognitive Psychology,"Sperling, G.",The information available in brief visual presentations,1960,Journal article,Psychological Monographs: General and Applied,American Psychological Association,6083,https://psycnet.apa.org/doi/10.1037/h0093759,Yes
89,Cognitive Psychology,"Tversky, A., & Kahneman, D.",Judgment under uncertainty: Heuristics and biases,1974,Journal article,Science,American Association for the Advancement of Science,48216,https://doi.org/10.1126/science.185.4157.1124,Yes
90,Cognitive Psychology,"Wason, P. C.",Reasoning about a rule,1968,Journal article,Quarterly Journal of Experimental Psychology,SAGE Publishing,4228,https://doi.org/10.1080/14640746808400161,Yes
91,Cognitive Psychology,"Wilson, M., & Daly, M.",Do pretty women inspire men to discount the future?,2004,Journal article,Proceedings of the Royal Society of London. Series B: Biological Sciences,Royal Society,632,https://doi.org/10.1098/rsbl.2003.0134,Yes
92,Cognitive Psychology,"Anderson, B. A., Laurent, P. A., & Yantis, S.",Value-driven attentional capture,2011,Journal article,Proceedings of the National Academy of Sciences,National Academy of Sciences,1125,https://doi.org/10.1073/pnas.1104047108,Yes
93,Cognitive Psychology,"Biederman, I., & Gerhardstein, P. C.",Recognizing depth-rotated objects: Evidence and conditions for three-dimensional viewpoint invariance,1993,Journal article,Journal of Experimental Psychology: Human Perception and Performance,American Psychological Association,979,https://psycnet.apa.org/doi/10.1037/0096-1523.19.6.1162,Yes
94,Cognitive Psychology,"Clark, A.","Being there: Putting brain, body, and world together again",1997,Book,,MIT Press,8001,https://doi.org/10.7551/mitpress/1552.001.0001,Yes
95,Cognitive Psychology,"Dehaene, S., & Changeux, J. P.",Experimental and theoretical approaches to conscious processing,2011,Journal article,Neuron,Elsevier,2231,https://doi.org/10.1016/j.neuron.2011.03.018,Yes
96,Cognitive Psychology,"Gazzaniga, M. S.",Forty-five years of split-brain research and still going strong,2005,Journal article,Nature Reviews Neuroscience,Springer Nature,599,https://doi.org/10.1038/nrn1723,Yes
97,Cognitive Psychology,"Kandel, E. R.",The molecular biology of memory storage: A dialogue between genes and synapses,2001,Journal article,Science,American Association for the Advancement of Science,4285,https://doi.org/10.1126/science.1067020,Yes
98,Cognitive Psychology,"Miller, E. K., & Cohen, J. D.",An integrative theory of prefrontal cortex function,2001,Journal article,Annual Review of Neuroscience,Annual Reviews,14546,https://doi.org/10.1146/annurev.neuro.24.1.167,Yes
99,Cognitive Psychology,"Pinker, S.",How the mind works,1997,Book,,W. W. Norton & Company,11489,https://wwnorton.com/books/9780393334777,Yes
100,Neuropsychology,"Buckner, R. L., & Krienen, F. M.",The evolution of distributed association networks in the human brain,2013,Journal article,Trends in cognitive sciences,Elsevier,584,https://doi.org/10.1016/j.tics.2013.09.017,Yes
101,Neuropsychology,"Butler, A. B.",Fundamentals of cognitive neuroscience: A beginner's guide,2020,Book,,Elsevier,,,No
102,Neuropsychology,"Draganski, B., & May, A.",Training-induced structural changes in the adult human brain,2008,Journal article,Behavioural brain research,Elsevier,545,https://doi.org/10.1016/j.bbr.2008.02.015,Yes
103,Neuropsychology,"Kandel, E. R., Schwartz, J. H., Jessell, T. M., Siegelbaum, S. A., & Hudspeth, A. J.",Principles of neural science,2013,Book,,McGraw-Hill,23989,https://neurology.mhmedical.com/book.aspx?bookID=3024,Yes
104,Neuropsychology,"Kolb, B., & Whishaw, I. Q.",Brain plasticity and behavior,1998,Journal article,Annual review of psychology,Annual Reviews,1072,https://doi.org/10.1146/annurev.psych.49.1.43,Yes
105,Neuropsychology,"Lezak, M. D., Howieson, D. B., Bigler, E. D., & Tranel, D.",Neuropsychological assessment,2012,Book,,Oxford University Press,38245,https://global.oup.com/academic/product/neuropsychological-assessment-9780195395525?cc=ro&lang=en&,Yes
106,Neuropsychology,"Merzenich, M. M., Van Vleet, T. M., & Nahum, M.",Brain plasticity-based therapeutics,2014,Journal article,Frontiers in human neuroscience,Frontiers,202,https://doi.org/10.3389/fnhum.2014.00385,Yes
107,Neuropsychology,"Nadel, L., & Sinnott-Armstrong, W.",Memory and law,2019,Book,,Oxford University Press,29,https://psycnet.apa.org/doi/10.1093/acprof:oso/9780199920754.001.0001,Yes
108,Neuropsychology,"Price, C. J., & Friston, K. J.",Degeneracy and cognitive anatomy,2002,Journal article,Trends in cognitive sciences,Elsevier,545,https://doi.org/10.1016/S1364-6613(02)01976-9,Yes
109,Neuropsychology,"Wandell, B. A., & Smirnakis, S. M.",Plasticity and stability of visual field maps in adult primary visual cortex,2009,Journal article,Nature Reviews Neuroscience,Springer Nature,225,https://doi.org/10.1038/nrn2741,Yes
110,Neuropsychology,"Cabeza, R., & Nyberg, L.",Imaging cognition II: An empirical review of 275 PET and fMRI studies,2000,Journal article,Journal of cognitive neuroscience,MIT Press,4638,https://doi.org/10.1162/08989290051137585,Yes
111,Neuropsychology,"Draganski, B., Gaser, C., Kempermann, G., Kuhn, H. G., Winkler, J., Büchel, C., & May, A.",Temporal and spatial dynamics of brain structure changes during extensive learning,2006,Journal article,The Journal of neuroscience,Society for Neuroscience,947,https://doi.org/10.1523/JNEUROSCI.4628-05.2006,Yes
112,Neuropsychology,"Duffau, H.",The anatomo-functional connectivity of language revisited. New insights provided by electrostimulation and tractography,2008,Journal article,Neuropsychologia,Elsevier,399,https://doi.org/10.1016/j.neuropsychologia.2007.10.025,Yes
113,Neuropsychology,"Duffau, H., & Capelle, L.",Preferential brain locations of low-grade gliomas,2004,Journal article,Cancer,Wiley-Blackwell,496,https://doi.org/10.1002/cncr.20297,Yes
114,Neuropsychology,"Friston, K. J.",A theory of cortical responses,2005,Journal article,Philosophical Transactions of the Royal Society B: Biological Sciences,Royal Society,4198,https://doi.org/10.1098/rstb.2005.1622,Yes
115,Neuropsychology,"Gazzaniga, M. S., Ivry, R. B., & Mangun, G. R.",Cognitive neuroscience: The biology of the mind,2014,Book,,W.W. Norton,,https://wwnorton.com/books/9780393603170,Yes
116,Neuropsychology,"Herculano-Houzel, S., & Kaas, J. H.",Gorilla and orangutan brains conform to the primate cellular scaling rules: implications for human evolution,2011,Journal article,"Brain, behavior and evolution",Karger,101,https://doi.org/10.1159/000322729,Yes
117,Neuropsychology,"Harvey, P. D.",Cognitive impairment in schizophrenia: the great unmet need,2015,Journal article,CNS Spectrums,Cambridge University Press,,,No
118,Neuropsychology,"Koenigs, M., & Grafman, J.",The functional neuroanatomy of depression: distinct roles for ventromedial and dorsolateral prefrontal cortex,2009,Journal article,Behavioural brain research,Elsevier,999,https://doi.org/10.1016/j.bbr.2009.03.004,Yes
119,Neuropsychology,"Kosslyn, S. M., & Thompson, W. L.",Neural systems shared by visual imagery and visual perception: a positron emission tomography study,2003,Journal article,Neuroimage,Elsevier,442,https://doi.org/10.1006/nimg.1997.0295,Yes
120,Neuropsychology,"Le Bihan, D., & Johansen-Berg, H.",Diffusion MRI at 25: exploring brain tissue structure and function,2012,Journal article,Neuroimage,Elsevier,531,https://doi.org/10.1016/j.neuroimage.2011.11.006,Yes
121,Neuropsychology,"Lezak, M. D.",Neuropsychological assessment,2004,Book,,Oxford University Press,38245,https://psycnet.apa.org/record/2004-16637-000,Yes
122,Neuropsychology,"Miller, E. K., & Cohen, J. D.",An integrative theory of prefrontal cortex function,2001,Journal article,Annual Review of Neuroscience,Annual Reviews,14554,https://doi.org/10.1146/annurev.neuro.24.1.167,Yes
123,Neuropsychology,"Park, D. C., & Bischof, G. N.",The aging mind: neuroplasticity in response to cognitive training,2013,Journal article,Dialogues in clinical neuroscience,Taylor & Francis,415,https://doi.org/10.31887/DCNS.2013.15.1/dpark,Yes
124,Neuropsychology,"Schmahmann, J. D., & Pandya, D. N.",Fiber pathways of the brain,2006,Book,,Oxford University Press,1372,https://doi.org/10.1093/acprof:oso/9780195104233.001.0001,Yes
125,Educational Psychology,"Bandura, A.",Social foundations of thought and action: A social cognitive theory,1986,Book,,Prentice Hall,116733,https://psycnet.apa.org/record/1985-98423-000,Yes
126,Educational Psychology,"Biggs, J.",Student approaches to learning and studying,1987,Book,,Australian Council for Educational Research Melbourne,4709,https://eric.ed.gov/?id=eD308201,Yes
127,Educational Psychology,"Bruner, J.",Toward a theory of instruction,1966,Book,,Harvard University Press,16395,https://www.hup.harvard.edu/catalog.php?isbn=9780674897014,Yes
128,Educational Psychology,"Deci, E. L., & Ryan, R. M.",Intrinsic motivation and self-determination in human behavior,1985,Book,,Plenum,60174,https://doi.org/10.1007/978-1-4899-2271-7,Yes
129,Educational Psychology,"Dweck, C. S.",Motivational processes affecting learning,1986,Journal article,American Psychologist,American Psychological Association,12574,https://psycnet.apa.org/doi/10.1037/0003-066X.41.10.1040,Yes
130,Educational Psychology,"Elliot, A. J., & Dweck, C. S.",Handbook of competence and motivation,2005,Book,,Guilford Press,1775,https://psycnet.apa.org/record/2005-08058-000,Yes
131,Educational Psychology,"Gardner, H.",Frames of mind: The theory of multiple intelligences,1983,Book,,Basic Books,48876,https://www.scirp.org/(S(351jmbntv-nsjt1aadkposzje))/reference/referencespapers.aspx?referenceid=2633225,Yes
132,Educational Psychology,"Gagne, R. M.",The conditions of learning and theory of instruction (4th ed.),1985,Book,,"Holt, Rinehart & Winston",7939,https://books.google.ro/books/about/The_Conditions_of_Learning_and_Theory_of.html?id=c1MmAQAAIAAJ&redir_esc=y,Yes
133,Educational Psychology,"Hattie, J.",Visible learning: A synthesis of over 800 meta-analyses relating to achievement,2009,Book,,Routledge,23818,https://doi.org/10.4324/9780203887332,Yes
134,Educational Psychology,"Johnson, D. W., & Johnson, R. T.",Cooperation and competition: Theory and research,1989,Book,,Interaction Book Company,6748,https://psycnet.apa.org/record/1989-98552-000,Yes
135,Educational Psychology,"Krathwohl, D. R., Bloom, B. S., & Masia, B. B.",Taxonomy of educational objectives: The classification of educational goals. Handbook II: Affective domain,1964,Book,,David McKay,576,http://eduq.info/xmlui/handle/11515/11943,Yes
136,Educational Psychology,"Lave, J., & Wenger, E.",Situated learning: Legitimate peripheral participation,1991,Book,,Cambridge University Press,95871,https://doi.org/10.1017/CBO9780511815355,Yes
137,Educational Psychology,"Mayer, R. E.",The promise of multimedia learning: Using the same instructional design methods across different media,2003,Journal article,Learning and Instruction,Elsevier,2265,https://doi.org/10.1016/S0959-4752(02)00016-6,Yes
138,Educational Psychology,"McCombs, B. L.",Learning and motivation strategies: Your guide to success,1994,Book,,American Psychological Association,,,No
139,Educational Psychology,"Pintrich, P. R.","Multiple goals, multiple pathways: The role of goal orientation in learning and achievement",2000,Journal article,Journal of Educational Psychology,American Psychological Association,3509,https://psycnet.apa.org/buy/2000-12129-013,Yes
140,Educational Psychology,"Piaget, J.",The origins of intelligence in children,1952,Book,,International Universities Press,22415,https://psycnet.apa.org/doi/10.1037/11494-000,Yes
141,Educational Psychology,"Pressley, M., & Afflerbach, P.",Verbal protocols of reading: The nature of constructively responsive reading,1995,Book,,Lawrence Erlbaum,3090,https://psycnet.apa.org/record/1995-97198-000,Yes
142,Educational Psychology,"Schunk, D. H.",Self-efficacy and academic motivation,1991,Journal article,Educational Psychologist,Taylor & Francis,6187,https://doi.org/10.1080/00461520.1991.9653133,Yes
143,Educational Psychology,"Slavin, R. E.","Research on cooperative learning and achievement: What we know, what we need to know",1996,Journal article,Contemporary Educational Psychology,Elsevier,2957,https://psycnet.apa.org/doi/10.1006/ceps.1996.0004,Yes
144,Educational Psychology,"Snow, R. E.",Aptitude-treatment interactions in educational and occupational settings,1991,Book chapter,,,,,DK
145,Educational Psychology,"Sweller, J.","Cognitive load theory, learning difficulty, and instructional design",1994,Journal article,Learning and Instruction,Elsevier,4858,https://doi.org/10.1016/0959-4752(94)90003-5,Yes
146,Educational Psychology,"Vygotsky, L. S.",Mind in society: The development of higher psychological processes,1978,Book,,Harvard University Press,145953,https://doi.org/10.2307/j.ctvjf9vz4,Yes
147,Educational Psychology,"Weinstein, C. E., & Mayer, R. E.",The teaching of learning strategies,1986,Book chapter,,Macmillan,2290,http://hdl.handle.net/123456789/8681,Yes
148,Educational Psychology,"Wigfield, A., & Eccles, J. S.",Development of achievement motivation,2002,Book chapter,,Wiley-Blackwell,2272,https://psycnet.apa.org/record/2006-08776-015,Yes
149,Educational Psychology,"Zimmerman, B. J.",Self-regulated learning and academic achievement: An overview,1990,Journal article,Educational Psychologist,Taylor & Francis,6207,https://doi.org/10.1207/s15326985ep2501_2,Yes
150,Forensic Psychology,"Bartol, C. R., & Bartol, A. M.",Introduction to forensic psychology: Research and application (5th ed.),2020,Book,,SAGE Publishing,341,https://us.sagepub.com/en-us/nam/introduction-to-forensic-psychology/book270194,Yes
151,Forensic Psychology,"Turvey, B. E.",Criminal profiling: An introduction to behavioral evidence analysis,2017,Book,,Elsevier,988,https://doi.org/10.1016/C2017-0-03508-5,Yes
152,Forensic Psychology,"Loftus, E. F., & Palmer, J. C.",Reconstruction of automobile destruction: An example of the interaction between language and memory,1974,Journal article,Journal of Verbal Learning and Verbal Behavior,Elsevier,3168,https://doi.org/10.1016/S0022-5371(74)80011-3,Yes
153,Forensic Psychology,"Rogers, R., & Shuman, D. W.",Conducting insanity evaluations (2nd ed.),2000,Book,,Guilford Press,359,https://psycnet.apa.org/record/2000-07281-000,Yes
154,Forensic Psychology,"Bersoff, D. N.",Ethical conflicts in forensic psychology: Are we ready for a broader view of our ethical responsibilities?,1999,Journal article,Professional Psychology: Research and Practice,American Psychological Association,,,No
155,Forensic Psychology,"Monahan, J.",Predicting violent behavior: An assessment of clinical techniques,1981,Book,,SAGE Publishing,1182,https://www.ojp.gov/ncjrs/virtual-library/abstracts/predicting-violent-behavior-assessment-clinical-techniques,Yes
156,Forensic Psychology,"Quinsey, V. L., Harris, G. T., Rice, M. E., & Cormier, C. A.",Violent offenders: Appraising and managing risk (2nd ed.),1998,Book,,American Psychological Association,3483,https://psycnet.apa.org/doi/10.1037/11367-000,Yes
157,Forensic Psychology,"Hare, R. D.",The Hare Psychopathy Checklist-Revised (2nd ed.),2003,Book,,Multi-Health Systems,7920,https://philpapers.org/rec/HARMFT,Yes
158,Forensic Psychology,"Swanson, J. W., Swartz, M. S., Van Dorn, R. A., Elbogen, E. B., Wagner, H. R., & Rosenheck, R. A.",A national study of violent behavior in persons with schizophrenia,2006,Journal article,Archives of General Psychiatry,American Medical Association,942,https://doi.org/10.1001/archpsyc.63.5.490,Yes
159,Forensic Psychology,"Kassin, S. M., & Gudjonsson, G. H.",The psychology of confessions: A review of the literature and issues,2004,Journal article,Psychological Science in the Public Interest,SAGE Publishing,875,https://psycnet.apa.org/doi/10.1111/j.1529-1006.2004.00016.x,Yes
160,Forensic Psychology,"Redlich, A. D., Kulish, V., Steadman, H. J., & Petrila, J.",The accuracy of mental retardation diagnoses in death penalty cases,2010,Journal article,Journal of the American Academy of Psychiatry and the Law,American Academy of Psychiatry and the Law,,,No
161,Forensic Psychology,"Leo, R. A.",Inside the interrogation room,1996,Journal article,Journal of Criminal Law and Criminology,Northwestern Pritzker School of Law,941,https://heinonline.org/HOL/LandingPage?handle=hein.journals/jclc86&div=27&id=&page=,Yes
162,Forensic Psychology,"Ganis, G., Kiehl, K. A., & Kiehl, K. A.",Brain imaging in forensic science: The promise and pitfalls,2011,Journal article,Nature Reviews Neuroscience,Springer Nature,,,No
163,Forensic Psychology,"Raine, A.",The anatomy of violence: The biological roots of crime,2013,Book,,Penguin Random House,894,https://www.penguin.co.uk/books/177186/the-anatomy-of-violence-by-raine-adrian/9780141046860,Yes
164,Forensic Psychology,"Baskin-Sommers, A. R., & Krusemark, E. A.","The Intersection of psychology, neuroscience, and law: Insights from psychopathy",2021,Journal article,Annual Review of Psychology,Annual Reviews,,,No
165,Forensic Psychology,"Farrington, D. P., & Loeber, R.",Some benefits of dichotomization in psychiatric and criminological research,2000,Journal article,Criminal Behaviour and Mental Health,Wiley-Blackwell,608,https://doi.org/10.1002/cbm.349,Yes
166,Forensic Psychology,"Sattler, D. N., & Ryan, J. J.",Assessment of children: Cognitive applications (5th ed.),2018,Book,,Jerome M Sattler Publisher,1961,https://psycnet.apa.org/record/2001-16748-000,Yes
167,Forensic Psychology,"Hart, S. D.",,,,,,,,No
168,Forensic Psychology,"Cale, E. M., & Lilienfeld, S. O.",Sex offender treatment programs in correctional settings: A review of the literature,2002,Journal article,Aggression and Violent Behavior,Elsevier,,,No
169,Forensic Psychology,"Ogloff, J. R. P., & Lyon, D. R.","Psychology, law, and legal processes in Australia",2015,Book,,Oxford University Press,,,No
170,Forensic Psychology,"Gudjonsson, G. H.",The psychology of interrogations and confessions: A handbook,1992,Book,,Wiley-Blackwell,1568,https://www.wiley.com/en-us/The+Psychology+of+Interrogations+and+Confessions:+A+Handbook-p-9780470844618,Yes
171,Forensic Psychology,"White, R. C., & Haines, J. H.",Psychology and law: An overview,2013,Book,,Oxford University Press,,,No
172,Forensic Psychology,"Pinizzotto, A. J., & Finkel, N. J.",Criminal personality profiling: An outcome and process study,1990,Journal article,Law and Human Behavior,Springer Nature,295,https://doi.org/10.1007/BF01352750,Yes
173,Forensic Psychology,"Graham, J. R., Reid, C. A., & Allison, S.",The juvenile sex offender: Part II,1999,Journal article,Sexual abuse: A journal of research and treatment,SAGE Publishing,,,No
174,Forensic Psychology,"Douglas, J. E., Burgess, A. W., Burgess, A. G., & Ressler, R. K.",Crime classification manual: A standard system for investigating and classifying violent crimes (3rd ed.),2013,Book,,Wiley-Blackwell,1446,https://www.wiley.com/en-us/Crime+Classification+Manual%3A+A+Standard+System+for+Investigating+and+Classifying+Violent+Crime%2C+3rd+Edition-p-9781118421536,Yes
175,Industrial-Organizational Psychology,"Bakker, A. B., Demerouti, E., & Schaufeli, W. B.",The crossover of burnout and work engagement among working couples,2005,Journal article,Human Relations,SAGE Publishing,835,https://doi.org/10.1177/0018726705055967,Yes
176,Industrial-Organizational Psychology,"Bakker, A. B., & Demerouti, E.",The job demands-resources model: State of the art,2007,Journal article,Journal of Managerial Psychology,Emerald Group Publishing,14184,https://doi.org/10.1108/02683940710733115,Yes
177,Industrial-Organizational Psychology,"Bass, B. M., & Riggio, R. E.",Transformational leadership (2nd ed.),2006,Book,,Routledge,16768,https://doi.org/10.4324/9781410617095,Yes
178,Industrial-Organizational Psychology,"Cox, T.","Cultural diversity in organizations: Theory, research, and practice",1994,Book,,Berrett-Koehler Publishers,5154,https://www.penguinrandomhouse.com/books/575230/cultural-diversity-in-organizations-by-taylor-cox-jr/,Yes
179,Industrial-Organizational Psychology,"Goffin, R. D., & Rothstein, M. G.",Increasing the relevance and practical impact of I-O research through stronger partnerships with practice,2016,Journal article,Industrial and Organizational Psychology,Wiley-Blackwell,,,No
180,Industrial-Organizational Psychology,"Harrison, D. A., & Klein, K. J.","What's the difference? Diversity constructs as separation, variety, or disparity in organizations",2007,Journal article,Academy of Management Review,Academy of Management,3859,https://doi.org/10.5465/amr.2007.26586096,Yes
181,Industrial-Organizational Psychology,"Schneider, B., Hanges, P. J., Smith, D. B., & Salvaggio, A. N.",Which comes first: Employee attitudes or organizational financial and market performance?,2003,Journal article,Journal of Applied Psychology,American Psychological Association,863,https://psycnet.apa.org/doi/10.1037/0021-9010.88.5.836,Yes
182,Industrial-Organizational Psychology,"Spector, P. E.",Industrial and organizational psychology: Research and practice (6th ed.),2012,Book,,Wiley-Blackwell,2723,"https://www.wiley.com/en-sg/Industrial+and+Organizational+Psychology:+Research+and+Practice,+6th+Edition+International+Student+Version-p-9781118379592",Yes
183,Industrial-Organizational Psychology,"Schmidt, F. L., & Hunter, J. E.",The validity and utility of selection methods in personnel psychology: Practical and theoretical implications of 85 years of research findings,1998,Journal article,Psychological Bulletin,American Psychological Association,6643,https://psycnet.apa.org/doi/10.1037/0033-2909.124.2.262,Yes
184,Industrial-Organizational Psychology,"Tett, R. P., Jackson, D. N., & Rothstein, M.",Personality measures as predictors of job performance: A meta-analytic review,1991,Journal article,Personnel Psychology,Wiley-Blackwell,2857,https://doi.org/10.1111/j.1744-6570.1991.tb00696.x,Yes
185,Industrial-Organizational Psychology,"Van Vianen, A. E.",Person-organization fit: The match between newcomers' and recruiters' preferences for organizational cultures,2000,Journal article,Personnel Psychology,Wiley-Blackwell,780,https://doi.org/10.1111/j.1744-6570.2000.tb00196.x,Yes
186,Industrial-Organizational Psychology,"Kristof-Brown, A. L., Zimmerman, R. D., & Johnson, E. C.","Consequences of individuals' fit at work: A meta-analysis of person-job, person-organization, person-group, and person-supervisor fit",2005,Journal article,Personnel Psychology,Wiley-Blackwell,7046,https://doi.org/10.1111/j.1744-6570.2005.00672.x,Yes
187,Industrial-Organizational Psychology,"Barrick, M. R., & Mount, M. K.",The Big Five personality dimensions and job performance: A meta-analysis,1991,Journal article,Personnel Psychology,Wiley-Blackwell,15086,https://doi.org/10.1111/j.1744-6570.1991.tb00688.x,Yes
188,Industrial-Organizational Psychology,"Judge, T. A., & Bono, J. E.","Relationship of core self-evaluations traits--self-esteem, generalized self-efficacy, locus of control, and emotional stability--with job satisfaction and job performance: A meta-analysis",2001,Journal article,Journal of Applied Psychology,American Psychological Association,5776,https://psycnet.apa.org/buy/2001-16970-007,Yes
189,Industrial-Organizational Psychology,"Borman, W. C., & Motowidlo, S. J.",Task performance and contextual performance: The meaning for personnel selection research,1997,Journal article,Human Performance,Taylor & Francis,3764,https://doi.org/10.1207/s15327043hup1002_3,Yes
190,Industrial-Organizational Psychology,"LePine, J. A., Podsakoff",,,,,,,,No
191,Industrial-Organizational Psychology,"Organ, D. W.",Organizational citizenship behavior: The good soldier syndrome,1988,Book,,Rowman & Littlefield,16013,https://psycnet.apa.org/record/1988-97376-000,Yes
192,Industrial-Organizational Psychology,"Podsakoff, P. M., MacKenzie, S. B., Paine, J. B., & Bachrach, D. G.",Organizational citizenship behaviors: A critical review of the theoretical and empirical literature and suggestions for future research,2000,Journal article,Journal of Management,SAGE Publishing,9942,https://doi.org/10.1177/014920630002600307,Yes
193,Industrial-Organizational Psychology,"Colquitt, J. A., Scott, B. A., & LePine, J. A.","Trust, trustworthiness, and trust propensity: A meta-analytic test of their unique relationships with risk taking and job performance",2007,Journal article,Journal of Applied Psychology,American Psychological Association,3477,https://psycnet.apa.org/doi/10.1037/0021-9010.92.4.909,Yes
194,Industrial-Organizational Psychology,"Hirschfeld, R. R., & Feild, H. S.",Work centrality and work alienation: Distinct aspects of a general commitment to work,2000,Journal article,Journal of Organizational Behavior,Wiley-Blackwell,591,https://doi.org/10.1002/1099-1379(200011)21:7%3C789::AID-JOB59%3E3.0.CO;2-W,Yes
195,Industrial-Organizational Psychology,"Meyer, J. P., & Allen, N. J.",A three-component conceptualization of organizational commitment,1991,Journal article,Human Resource Management Review,Elsevier,21211,https://doi.org/10.1016/1053-4822(91)90011-Z,Yes
196,Industrial-Organizational Psychology,"Warr, P.",The measurement of well-being and other aspects of mental health,1990,Journal article,Journal of Occupational Psychology,Wiley-Blackwell,2146,https://doi.org/10.1111/j.2044-8325.1990.tb00521.x,Yes
197,Industrial-Organizational Psychology,"Brief, A. P., & Weiss, H. M.",Organizational behavior: Affect in the workplace,2002,Journal article,Annual Review of Psychology,Annual Reviews,3292,https://doi.org/10.1146/annurev.psych.53.100901.135156,Yes
198,Industrial-Organizational Psychology,"Latham, G. P., & Pinder, C. C.",Work motivation theory and research at the dawn of the twenty-first century,2005,Journal article,Annual Review of Psychology,Annual Reviews,2411,https://doi.org/10.1146/annurev.psych.55.090902.142105,Yes
199,Industrial-Organizational Psychology,"Grant, A. M., & Parker, S. K.",Redesigning work design theories: The rise of relational and proactive perspectives,2009,Journal article,Academy of Management Annals,Taylor & Francis,1565,https://doi.org/10.1080/19416520903047327,Yes
200,Health Psychology,"Barrera, T. L., Norton, P. J., & Quality of Life Group","Quality of life impairment in generalized anxiety disorder, social phobia, and panic disorder",2005,Journal article,Journal of Anxiety Disorders,Elsevier,366,https://doi.org/10.1016/j.janxdis.2009.07.011,Yes
201,Health Psychology,"Chesney, M. A., & Folkman, S.",Psychological impact of HIV disease and implications for intervention,1994,Journal article,Psychiatric Clinics of North America,Elsevier,282,https://psycnet.apa.org/record/1994-46349-001,Yes
202,Health Psychology,"Taylor, S. E.",Health psychology,2015,Book,,McGraw-Hill,266,https://www.mheducation.com/highered/product/health-psychology-taylor/M9781260253900.html,Yes
203,Health Psychology,"Carney, R. M., & Freedland, K. E.",Depression in patients with coronary heart disease,2017,Journal article,Nature Reviews Cardiology,Springer Nature,480,https://doi.org/10.1038/nrcardio.2016.181,Yes
204,Health Psychology,"Halaris, A.",Inflammation and depression: A causal or coincidental link to the pathophysiology?,2013,Journal article,Acta Psychiatrica Scandinavica,Wiley-Blackwell,,,No
205,Health Psychology,"Lichtman, J. H., Bigger Jr, J. T., Blumenthal, J. A., Frasure-Smith, N., Kaufmann, P. G., Lespérance, F., ... & Writing Committee on Depression in Coronary Artery Disease Patients","Depression and coronary heart disease: recommendations for screening, referral, and treatment: a science advisory from the American Heart Association Prevention Committee of the Council on Cardiovascular Nursing, Council on Clinical Cardiology, Council on Epidemiology and Prevention, and Interdisciplinary Council on Quality of Care and Outcomes Research: endorsed by the American Psychiatric Association",2008,Journal article,Circulation,Lippincott Williams & Wilkins,1643,https://doi.org/10.1161/CIRCULATIONAHA.108.190769,Yes
206,Health Psychology,"Boehm, J. K., & Kubzansky, L. D.",The heart's content: The association between positive psychological well-being and cardiovascular health,2012,Journal article,Psychological Bulletin,American Psychological Association,1023,https://psycnet.apa.org/doi/10.1037/a0027448,Yes
207,Health Psychology,"Tindle, H. A., Chang, Y. F., Kuller, L. H., Manson, J. E., Robinson, J. G., Rosal, M. C., ... & Matthews, K. A.","Optimism, cynical hostility, and incident coronary heart disease and mortality in the Women's Health Initiative",2012,Journal article,Circulation,Lippincott Williams & Wilkins,567,https://doi.org/10.1161/CIRCULATIONAHA.108.827642,Yes
208,Health Psychology,"Tugade, M. M., & Fredrickson, B. L.",Resilient individuals use positive emotions to bounce back from negative emotional experiences,2004,Journal article,Journal of Personality and Social Psychology,American Psychological Association,5388,https://psycnet.apa.org/doi/10.1037/0022-3514.86.2.320,Yes
209,Health Psychology,"Bandura, A.",Health promotion by social cognitive means,2004,Journal article,Health Education & Behavior,SAGE Publishing,9008,https://doi.org/10.1177/1090198104263660,Yes
210,Health Psychology,"Dweck, C. S.",Mindset: The new psychology of success,2017,Book,,Penguin Random House,16818,https://www.penguinrandomhouse.com/books/44330/mindset-by-carol-s-dweck-phd/,Yes
211,Health Psychology,"Gollwitzer, P. M., & Sheeran, P.",Implementation intentions and goal achievement: A meta-analysis of effects and processes,2006,Journal article,Advances in Experimental Social Psychology,Elsevier,3984,https://doi.org/10.1016/S0065-2601(06)38002-1,Yes
212,Health Psychology,"Michie, S., Richardson, M., Johnston, M., Abraham, C., Francis, J., Hardeman, W., ... & Wood, C. E.",The behavior change technique taxonomy (v1) of 93 hierarchically clustered techniques: Building an international consensus for the reporting of behavior change interventions,2011,Journal article,Annals of Behavioral Medicine,Oxford University Press,5570,https://doi.org/10.1007/s12160-013-9486-6,Yes
213,Health Psychology,"Prochaska, J. O., & Velicer, W",,,,,,,,No
214,Health Psychology,"Rothman, A. J., Sheeran, P., & Wood, W.",Reflective and automatic processes in the initiation and maintenance of dietary change,2009,Journal article,Annals of Behavioral Medicine,Oxford University Press,427,https://doi.org/10.1007/s12160-009-9118-3,Yes
215,Health Psychology,"Ogden, J.",Health psychology: A textbook (6th ed.),2017,Book,,McGraw-Hill,2199,https://www.mheducation.co.uk/psychology/psychology/health-psychology,Yes
216,Health Psychology,"Brown, K. W., & Ryan, R. M.",The benefits of being present: Mindfulness and its role in psychological well-being,2003,Journal article,Journal of Personality and Social Psychology,American Psychological Association,16887,https://psycnet.apa.org/doi/10.1037/0022-3514.84.4.822,Yes
217,Health Psychology,"Kabat-Zinn, J.",An outpatient program in behavioral medicine for chronic pain patients based on the practice of mindfulness meditation: Theoretical considerations and preliminary results,1982,Journal article,General Hospital Psychiatry,Elsevier,5867,https://doi.org/10.1016/0163-8343(82)90026-3,Yes
218,Health Psychology,"Burke, L. E., Wang, J., & Sevick, M. A.",Self-monitoring in weight loss: A systematic review of the literature,2011,Journal article,Journal of the American Dietetic Association,Elsevier,1465,https://doi.org/10.1016/j.jada.2010.10.008,Yes
219,Health Psychology,"Doherty, Y., & Ciliska, D.",Evidence-Informed Nursing: A Guide for Clinical Nurses,2016,Book,,Springer Nature,,,No
220,Health Psychology,"Glynn, L. G., Hayes, P. S., Casey, M., Glynn, F., Alvarez-Iglesias, A., Newell, J., ... & Murphy, A. W.",Effectiveness of a smartphone application to promote physical activity in primary care: A randomized controlled trial,2010,Journal article,Preventive Medicine,Elsevier,,,No
221,Health Psychology,"Jha, A. P., Krompinger, J., & Baime, M. J.",Mindfulness training modifies subsystems of attention,2007,Journal article,"Cognitive, Affective, & Behavioral Neuroscience",Springer Nature,2388,https://doi.org/10.3758/CABN.7.2.109,Yes
222,Health Psychology,"Lorig, K. R., Ritter, P., Stewart, A. L., Sobel, D. S., Brown Jr, B. W., Bandura, A., ... & Holman, H. R.",Chronic disease self-management program: 2-year health status and health care utilization outcomes,2001,Journal article,Medical Care,Lippincott Williams & Wilkins,1954,https://www.jstor.org/stable/3767514,Yes
223,Health Psychology,"Prochaska, J. O., & DiClemente, C. C.",Stages and processes of self-change of smoking: Toward an integrative model of change,1983,Journal article,Journal of Consulting and Clinical Psychology,American Psychological Association,13466,https://psycnet.apa.org/doi/10.1037/0022-006X.51.3.390,Yes
224,Health Psychology,"Rutter, H., Savona, N., Glonti, K., Bibby, J., Cummins, S., Finegood, D. T., ... & White, M.",The need for a complex systems model of evidence for public health,2017,Journal article,The Lancet,Elsevier,828,https://doi.org/10.1016/S0140-6736(17)31267-9,Yes
225,Positive Psychology,"Fredrickson, B. L.",The role of positive emotions in positive psychology: The broaden-and-build theory of positive emotions,2001,Journal article,American Psychologist,American Psychological Association,19887,https://psycnet.apa.org/doi/10.1037/0003-066X.56.3.218,Yes
226,Positive Psychology,"Seligman, M. E., Steen, T. A., Park, N., & Peterson, C.",Positive psychology progress: Empirical validation of interventions,2005,Journal article,American Psychologist,American Psychological Association,9182,https://psycnet.apa.org/doi/10.1037/0003-066X.60.5.410,Yes
227,Positive Psychology,"Lyubomirsky, S., Sheldon, K. M., & Schkade, D.",Pursuing happiness: The architecture of sustainable change,2005,Journal article,Review of General Psychology,SAGE Publishing,5093,https://doi.org/10.1037/1089-2680.9.2.111,Yes
228,Positive Psychology,"Folkman, S., & Moskowitz, J. T.",Positive affect and the other side of coping,2000,Journal article,American Psychologist,American Psychological Association,3818,https://psycnet.apa.org/doi/10.1037/0003-066X.55.6.647,Yes
229,Positive Psychology,"Diener, E., Lucas, R. E., & Oishi, S.",Advances and open questions in the science of subjective well-being,2018,Journal article,Collabra: Psychology,University of California Press,743,https://doi.org/10.1525/collabra.115,Yes
230,Positive Psychology,"Kashdan, T. B., & Rottenberg, J.",Psychological flexibility as a fundamental aspect of health,2010,Journal article,Clinical Psychology Review,Elsevier,2944,https://doi.org/10.1016/j.cpr.2010.03.001,Yes
231,Positive Psychology,"Peterson, C., & Seligman, M. E.",Character strengths and virtues: A handbook and classification,2004,Book,,Oxford University Press,13799,https://psycnet.apa.org/record/2004-13277-000,Yes
232,Positive Psychology,"Park, N., Peterson, C., & Seligman, M. E.",Strengths of character and well-being,2004,Journal article,Journal of Social and Clinical Psychology,Guilford Press,2979,https://doi.org/10.1521/jscp.23.5.603.50748,Yes
233,Positive Psychology,"Wood, A. M., Linley, P. A., Maltby, J., Baliousis, M., & Joseph, S.",The authentic personality: A theoretical and empirical conceptualization and the development of the Authenticity Scale,2011,Journal article,Journal of Counseling Psychology,American Psychological Association,1470,https://psycnet.apa.org/doi/10.1037/0022-0167.55.3.385,Yes
234,Positive Psychology,"Seligman, M. E., Steen, T. A., Park, N., & Peterson, C.",Positive psychology progress: Empirical validation of interventions,2005,Journal article,American Psychologist,American Psychological Association,9182,https://psycnet.apa.org/doi/10.1037/0003-066X.60.5.410,Yes
235,Positive Psychology,"Proyer, R. T., Ruch, W., & Buschor, C.","Testing strengths-based interventions: A preliminary study on the effectiveness of a program targeting curiosity, gratitude, hope, humor, and zest for enhancing life satisfaction",2015,Journal article,Journal of Happiness Studies,Springer Nature,327,https://doi.org/10.1007/s10902-012-9331-9,Yes
236,Positive Psychology,"Uchino, B. N., Cacioppo, J. T., & Kiecolt-Glaser, J. K.",The relationship between social support and physiological processes: A review with emphasis on underlying mechanisms and implications for health,1996,Journal article,Psychological Bulletin,American Psychological Association,4289,https://psycnet.apa.org/doi/10.1037/0033-2909.119.3.488,Yes
237,Positive Psychology,"Ryff, C. D., & Singer, B. H.",Know thyself and become what you are: A eudaimonic approach to psychological well-being,2008,Journal article,Journal of Happiness Studies,Springer Nature,4224,https://doi.org/10.1007/s10902-006-9019-0,Yes
238,Positive Psychology,"Helliwell, J. F., & Putnam, R. D.",The social context of well-being,2004,Journal article,Philosophical Transactions of the Royal Society B: Biological Sciences,Royal Society,3435,https://doi.org/10.1098/rstb.2004.1522,Yes
239,Positive Psychology,"Cohen, S., & Wills, T. A.","Stress, social support, and health",1985,Book chapter,,Elsevier,3834,https://psycnet.apa.org/record/1985-97489-000,Yes
240,Positive Psychology,"Emmons, R. A., & McCullough, M. E.",Counting blessings versus burdens: An experimental investigation of gratitude and subjective well-being in daily life,2003,Journal article,Journal of Personality and Social Psychology,American Psychological Association,70,https://psycnet.apa.org/doi/10.1037/0022-3514.84.2.377,Yes
241,Positive Psychology,"Lyubomirsky, S., King, L., & Diener, E.",The benefits of frequent positive affect: Does happiness lead to success?,2005,Journal article,Psychological Bulletin,American Psychological Association,10083,https://psycnet.apa.org/doi/10.1037/0033-2909.131.6.803,Yes
242,Positive Psychology,"Fredrickson, B. L., Cohn, M. A., Coffey, K. A., Pek, J., & Finkel, S. M.","Open hearts build lives: Positive emotions, induced through loving-kindness meditation, build consequential personal resources",2008,Journal article,Journal of Personality and Social Psychology,American Psychological Association,3442,https://psycnet.apa.org/doi/10.1037/a0013262,Yes
243,Positive Psychology,"Lyubomirsky, S., & Layous, K.",How do simple positive activities increase well-being?,2013,Journal article,Current Directions in Psychological Science,SAGE Publishing,1440,https://doi.org/10.1177/0963721412469809,Yes
244,Positive Psychology,"Keyes, C. L.",Mental illness and/or mental health? Investigating axioms of the complete state model of health,2005,Journal article,Journal of Consulting and Clinical Psychology,American Psychological Association,3915,https://psycnet.apa.org/doi/10.1037/0022-006X.73.3.539,Yes
245,Positive Psychology,"Peterson, C., Park, N., & Seligman, M. E.",Orientations to happiness and life satisfaction: The full life versus the empty life,2005,Journal article,Journal of Happiness Studies,Springer Nature,2340,https://doi.org/10.1007/s10902-004-1278-z,Yes
246,Positive Psychology,"Deci, E. L., & Ryan, R. M.","Hedonia, eudaimonia, and well-being: An introduction",2008,Journal article,Journal of Happiness Studies,Springer Nature,3051,https://doi.org/10.1007/s10902-006-9018-1,Yes
247,Positive Psychology,"Fredrickson, B. L., & Losada, M. F.",Positive affect and the complex dynamics of human flourishing,2005,Journal article,American Psychologist,American Psychological Association,3791,https://psycnet.apa.org/doi/10.1037/0003-066X.60.7.678,Yes
248,Positive Psychology,"Kashdan, T. B., Biswas-Diener, R., & King, L. A.",Reconsidering happiness: The costs of distinguishing between hedonics and eudaimonia,2008,Journal article,The Journal of Positive Psychology,Taylor & Francis,1327,https://doi.org/10.1080/17439760802303044,Yes
249,Positive Psychology,"Vittersø, J., Roysamb, E., & Diener, E.",The concept of life satisfaction across cultures: Exploring its diverse meaning and relation to economic wealth,2002,Journal article,Journal of Personality and Social Psychology,American Psychological Association,,,No
